dia,monto,motivo,num,mes,target
178,37.5,3,0,4,2
22,38.6,3,0,4,2
684,366,5,0,4,2
624,36.6,3,0,4,2
427,37.5,3,0,4,2
272,37.5,3,0,4,2
269,37.5,3,0,4,2
147,37.5,3,0,4,2
30,57.9,2,0,4,2
312,112.5,1,0,4,2
277,37.5,3,0,4,2
692,36.6,3,0,4,2
639,36.6,3,0,4,2
240,112.5,1,0,4,1
806,366,5,0,4,2
605,36.6,3,0,4,2
144,112.5,1,0,4,2
119,112.5,1,0,4,2
606,109.8,1,0,4,2
90,38.6,3,0,4,2
275,375,5,0,4,2
267,750,5,0,4,2
265,750,5,0,4,2
413,56.25,2,0,4,2
357,18.75,16,0,4,2
221,112.5,1,0,4,2
207,112.5,1,0,4,2
27,772,23,0,4,2
72,115.8,1,0,4,2
67,115.8,1,0,4,2
52,115.8,1,0,4,2
13,386,5,0,4,2
31,115.8,1,0,4,2
73,115.8,1,0,4,2
606,109.8,1,0,4,2
984,53.1,6,0,4,2
253,112.5,1,0,4,2
251,112.5,1,0,4,1
264,112.5,1,0,4,2
521,36.6,3,0,4,2
777,109.8,1,0,4,2
866,106.2,4,0,4,2
457,375,5,0,4,2
243,112.5,1,0,4,2
1178,354,5,0,4,2
90,115.8,1,0,4,1
769,146.4,19,0,4,2
531,36.6,3,0,4,2
53,115.8,1,0,4,2
175,112.5,1,0,4,2
257,375,5,0,4,2
235,112.5,1,0,4,2
229,37.5,3,0,4,2
16,115.8,1,0,4,2
291,112.5,1,0,4,2
72,115.8,1,0,4,2
468,37.5,3,0,4,2
314,375,5,0,4,2
106,57.9,2,0,4,2
29,57.9,2,0,4,2
114,57.9,2,0,4,2
564,109.8,4,0,4,2
221,112.5,1,0,4,2
84,38.6,3,0,4,2
129,56.25,2,0,4,2
806,18.3,15,0,4,2
962,35.4,3,0,4,2
249,112.5,1,0,4,2
185,112.5,1,0,4,2
183,112.5,1,0,4,2
23,115.8,1,0,4,2
127,56.25,2,0,4,2
595,109.8,1,0,4,2
380,37.5,3,0,4,2
270,112.5,1,0,4,2
77,57.9,2,0,4,2
32,386,5,0,4,2
16,772,5,0,4,2
111,57.9,2,0,4,2
293,112.5,1,0,4,2
72,57.9,2,0,4,1
636,36.6,3,0,4,2
318,375,30,0,4,2
213,112.5,1,0,4,2
248,37.5,3,0,4,2
163,56.25,2,0,4,2
1057,354,5,0,4,2
41,57.9,2,0,4,2
41,57.9,2,0,4,2
109,115.8,1,0,4,2
50,38.6,3,0,4,2
104,38.6,3,0,4,2
77,57.9,7,0,4,1
16,38.6,3,0,4,1
169,56.25,6,0,4,2
51,57.9,9,0,4,2
203,112.5,1,0,4,2
958,35.4,3,0,4,2
757,109.8,1,0,4,2
749,109.8,1,0,4,2
686,109.8,1,0,4,2
675,109.8,1,0,4,2
658,36.6,3,0,4,2
586,109.8,1,0,4,2
303,37.5,3,0,4,2
162,375,5,0,4,2
36,57.9,2,0,4,2
15,57.9,2,0,4,1
5,115.8,1,0,4,1
100,115.8,14,0,4,2
710,109.8,1,0,4,2
682,109.8,1,0,4,2
914,35.4,3,0,4,2
19,57.9,2,0,4,1
117,56.25,2,0,4,2
194,112.5,1,0,4,2
187,112.5,1,0,4,2
109,57.9,2,0,4,2
16,115.8,1,0,4,2
79,386,5,0,4,2
409,112.5,1,0,4,2
365,112.5,1,0,4,2
344,112.5,1,0,4,2
343,112.5,1,0,4,2
322,112.5,1,0,4,2
315,112.5,1,0,4,2
336,112.5,1,0,4,2
210,112.5,1,0,4,2
431,375,5,0,4,2
427,750,5,0,4,2
340,112.5,1,0,4,2
171,112.5,1,0,4,2
441,375,26,0,4,2
134,112.5,1,0,4,2
194,112.5,1,0,4,2
123,112.5,1,0,4,2
905,106.2,1,0,4,2
287,112.5,1,0,4,2
652,36.6,3,0,4,2
88,115.8,1,0,4,2
50,57.9,2,0,4,2
10,386,5,0,4,2
106,115.8,1,0,4,2
91,115.8,1,0,4,2
710,109.8,1,0,4,2
703,109.8,1,0,4,2
695,109.8,1,0,4,2
683,109.8,1,0,4,2
343,112.5,1,0,4,2
979,53.1,2,0,4,2
80,57.9,2,0,4,2
87,38.6,36,0,4,2
50,115.8,1,0,4,2
170,112.5,1,0,4,2
90,115.8,1,0,4,2
256,112.5,1,0,4,2
118,112.5,1,0,4,2
114,115.8,1,0,4,2
210,112.5,1,0,4,2
827,34,3,0,4,2
731,109.8,1,0,4,2
680,109.8,1,0,4,2
709,36.6,3,0,4,2
686,109.8,1,0,4,2
334,112.5,1,0,4,2
106,115.8,1,0,4,2
103,115.8,1,0,4,2
101,57.9,2,0,4,2
31,115.8,1,0,4,2
81,57.9,2,0,4,2
381,37.5,3,0,4,2
321,112.5,1,0,4,2
135,112.5,1,0,4,1
132,112.5,1,0,4,1
78,115.8,1,0,4,1
27,386,61,0,4,2
166,112.5,1,0,4,2
155,112.5,1,0,4,2
978,35.4,3,0,4,2
124,56.25,2,0,4,2
341,112.5,1,0,4,2
270,112.5,1,0,4,2
244,112.5,1,0,4,2
525,109.8,1,0,4,2
503,36.6,3,0,4,2
356,112.5,1,0,4,2
53,772,23,0,4,2
48,386,5,0,4,2
221,112.5,1,0,4,2
125,56.25,2,0,4,2
130,112.5,1,0,4,2
23,57.9,28,0,4,2
715,366,5,0,4,2
41,115.8,1,0,4,2
175,112.5,1,0,4,2
150,112.5,1,0,4,2
81,115.8,1,0,4,2
66,57.9,2,0,4,2
394,37.5,3,0,4,2
655,36.6,3,0,4,2
196,112.5,1,0,4,2
147,112.5,1,0,4,2
193,112.5,1,0,4,2
183,112.5,1,0,4,2
177,112.5,1,0,4,2
62,57.9,2,0,4,2
844,34,3,1,4,2
253,375,5,1,4,2
709,36.6,3,1,4,2
611,36.6,3,1,4,2
343,112.5,1,1,4,2
491,109.8,1,1,4,2
456,375,26,1,4,2
456,112.5,1,1,4,2
275,112.5,1,1,4,2
282,112.5,1,1,4,2
290,112.5,1,1,4,2
285,112.5,1,1,4,2
280,112.5,1,1,4,2
275,112.5,1,1,4,2
275,112.5,1,1,4,2
275,112.5,1,1,4,2
270,112.5,1,1,4,2
269,112.5,1,1,4,2
269,112.5,1,1,4,2
259,112.5,1,1,4,2
16,115.8,1,1,4,2
102,115.8,1,1,4,2
98,115.8,1,1,4,2
95,115.8,1,1,4,2
87,115.8,1,1,4,2
87,115.8,1,1,4,2
85,115.8,1,1,4,2
84,115.8,1,1,4,2
83,115.8,1,1,4,2
78,115.8,1,1,4,2
77,115.8,1,1,4,2
71,115.8,1,1,4,2
70,115.8,1,1,4,2
70,115.8,1,1,4,2
62,115.8,1,1,4,2
34,115.8,1,1,4,2
32,115.8,1,1,4,2
86,38.6,3,1,4,2
623,36.6,3,1,4,2
203,37.5,3,1,4,1
803,366,5,1,4,2
132,112.5,1,1,4,2
184,112.5,1,1,4,2
1177,354,5,1,4,2
14,57.9,2,1,4,2
843,109.8,1,1,4,2
831,109.8,1,1,4,2
43,57.9,2,1,4,2
92,772,23,1,4,2
856,354,5,1,4,2
677,36.6,3,1,4,2
81,115.8,4,1,4,2
27,115.8,1,1,4,2
229,112.5,1,1,4,2
161,37.5,11,1,4,2
41,57.9,2,1,4,1
347,112.5,1,1,4,2
128,56.25,2,1,4,2
282,37.5,3,1,4,2
42,57.9,2,1,4,2
118,112.5,1,1,4,2
11,57.9,2,1,4,2
774,36.6,3,1,4,2
340,112.5,1,1,4,2
221,375,5,1,4,2
213,750,5,1,4,2
97,386,5,1,4,2
95,115.8,1,1,4,2
7,772,5,1,4,2
7,772,5,1,4,2
554,109.8,1,1,4,2
140,37.5,3,1,4,2
738,109.8,1,1,4,2
366,112.5,1,1,4,2
363,112.5,1,1,4,2
363,112.5,1,1,4,2
363,112.5,1,1,4,2
358,112.5,1,1,4,2
352,112.5,1,1,4,2
342,112.5,1,1,4,2
335,112.5,1,1,4,2
321,112.5,1,1,4,2
310,112.5,1,1,4,2
256,112.5,1,1,4,2
79,386,5,1,4,2
15,57.9,2,1,4,2
228,112.5,1,1,4,2
24,57.9,2,1,4,2
57,57.9,2,1,4,1
33,57.9,28,1,4,2
54,115.8,1,1,4,2
318,112.5,1,1,4,2
118,112.5,1,1,4,2
14,115.8,4,1,4,1
623,36.6,3,1,4,2
209,56.25,2,1,4,2
201,112.5,1,1,4,2
49,57.9,6,1,4,1
940,35.4,3,1,4,2
933,53.1,33,1,4,2
913,35.4,3,1,4,2
797,36.6,3,1,4,2
776,36.6,3,1,4,2
776,36.6,3,1,4,2
392,37.5,3,1,4,2
610,109.8,1,1,4,2
17,57.9,2,1,4,1
131,112.5,1,1,4,1
100,38.6,3,1,4,2
859,35.4,3,1,4,2
248,37.5,3,1,4,2
24,57.9,2,1,4,2
62,57.9,2,1,4,2
793,366,26,1,4,2
633,54.9,50,1,4,2
712,146.4,8,1,4,2
453,37.5,3,1,4,2
125,56.25,2,1,4,2
80,38.6,3,1,4,2
443,112.5,1,1,4,2
312,112.5,1,1,4,2
126,375,30,1,4,2
93,386,5,1,4,2
81,772,5,1,4,2
76,772,5,1,4,2
65,772,5,1,4,2
57,772,5,1,4,2
56,772,5,1,4,2
19,772,5,1,4,2
14,772,5,1,4,2
51,38.6,3,1,4,2
843,354,5,1,4,2
822,34,3,1,4,2
65,57.9,9,1,4,2
99,57.9,2,1,4,2
1017,354,5,1,4,2
345,37.5,3,1,4,2
144,112.5,1,1,4,2
50,57.9,2,1,4,2
20,57.9,2,1,4,2
569,109.8,1,1,4,2
797,18.3,15,1,4,2
59,38.6,3,1,4,2
313,112.5,1,1,4,2
48,115.8,1,1,4,2
1003,53.1,6,1,4,2
410,112.5,1,1,4,2
351,112.5,1,1,4,2
336,112.5,1,1,4,2
165,112.5,1,1,4,2
32,115.8,4,1,4,1
172,37.5,36,1,4,2
180,112.5,1,1,4,2
359,112.5,1,1,4,2
21,115.8,1,1,4,2
20,115.8,1,1,4,2
206,112.5,1,1,4,2
781,109.8,1,1,4,2
819,109.8,1,1,4,2
603,36.6,3,1,4,2
610,36.6,3,1,4,2
85,38.6,3,1,4,2
357,375,5,1,4,2
53,115.8,1,1,4,2
114,386,5,1,4,2
46,115.8,1,1,4,1
685,36.6,3,1,4,2
508,109.8,1,1,4,2
49,57.9,2,1,4,1
230,56.25,9,1,4,2
374,112.5,1,1,4,2
182,112.5,1,1,4,2
103,112.5,1,1,4,1
13,115.8,1,1,4,2
529,109.8,1,1,4,2
318,112.5,1,1,4,2
100,115.8,1,1,4,2
87,38.6,3,1,4,2
308,37.5,3,1,4,2
135,112.5,1,1,4,2
93,112.5,1,1,4,2
68,115.8,1,1,4,2
484,36.6,3,1,4,2
45,115.8,1,1,4,1
43,115.8,1,1,4,1
43,115.8,1,1,4,1
62,386,5,1,4,2
670,109.8,1,1,4,2
647,36.6,3,1,4,2
645,54.9,6,1,4,2
303,112.5,1,1,4,2
895,35.4,3,1,4,2
501,36.6,3,1,4,2
456,37.5,3,1,4,2
134,56.25,2,2,4,2
34,57.9,9,2,4,2
34,57.9,9,2,4,2
33,57.9,9,2,4,2
313,112.5,1,2,4,2
245,112.5,1,2,4,2
648,109.8,1,2,4,2
640,109.8,1,2,4,2
636,109.8,1,2,4,2
631,109.8,1,2,4,2
629,109.8,1,2,4,2
621,109.8,1,2,4,2
620,109.8,1,2,4,2
353,112.5,1,2,4,2
350,112.5,1,2,4,2
248,112.5,1,2,4,2
198,112.5,1,2,4,2
198,112.5,1,2,4,2
262,37.5,3,2,4,2
232,112.5,1,2,4,2
228,112.5,1,2,4,2
43,115.8,1,2,4,2
637,109.8,4,2,4,2
873,106.2,4,2,4,2
628,109.8,4,2,4,2
370,112.5,4,2,4,2
792,109.8,1,2,4,2
237,112.5,1,2,4,2
242,112.5,1,2,4,2
85,57.9,2,2,4,2
820,18.3,15,2,4,2
321,112.5,1,2,4,1
246,112.5,1,2,4,2
242,112.5,1,2,4,2
227,112.5,1,2,4,2
163,112.5,1,2,4,2
105,115.8,1,2,4,2
60,115.8,1,2,4,2
609,36.6,12,2,4,2
551,109.8,1,2,4,2
578,36.6,12,2,4,2
59,57.9,2,2,4,2
247,112.5,1,2,4,2
211,112.5,1,2,4,2
939,35.4,3,2,4,2
878,35.4,3,2,4,2
570,36.6,3,2,4,2
570,36.6,3,2,4,2
568,36.6,3,2,4,2
490,36.6,22,2,4,2
112,19.3,16,2,4,2
73,115.8,1,2,4,2
599,109.8,1,2,4,2
302,37.5,3,2,4,2
72,115.8,1,2,4,2
457,112.5,1,2,4,1
243,112.5,1,2,4,2
123,112.5,1,2,4,1
38,386,30,2,4,2
72,115.8,1,2,4,2
470,37.5,3,2,4,1
214,112.5,1,2,4,1
57,57.9,2,2,4,1
248,37.5,3,2,4,2
168,56.25,2,2,4,2
260,112.5,1,2,4,2
214,112.5,1,2,4,2
199,112.5,1,2,4,2
172,112.5,1,2,4,2
111,115.8,1,2,4,2
808,109.8,1,2,4,2
436,375,26,2,4,2
386,37.5,3,2,4,2
150,56.25,2,2,4,2
637,36.6,3,2,4,2
330,112.5,1,2,4,2
201,112.5,1,2,4,2
189,112.5,1,2,4,2
188,112.5,1,2,4,2
129,112.5,1,2,4,2
123,112.5,1,2,4,2
80,115.8,1,2,4,2
69,115.8,1,2,4,2
246,37.5,3,2,4,2
622,36.6,3,2,4,1
352,375,5,2,4,1
161,112.5,1,2,4,1
432,375,5,2,4,2
661,109.8,1,2,4,2
572,109.8,1,2,4,2
601,109.8,1,2,4,2
554,109.8,1,2,4,2
322,112.5,1,2,4,2
306,112.5,1,2,4,2
207,112.5,1,2,4,2
35,57.9,2,2,4,1
17,115.8,1,2,4,2
566,36.6,3,2,4,2
432,375,5,2,4,2
346,112.5,1,2,4,2
327,37.5,3,2,4,2
325,750,5,2,4,2
297,112.5,1,2,4,2
290,112.5,1,2,4,2
216,112.5,1,2,4,2
493,109.8,1,2,4,2
14,115.8,1,2,4,2
10,115.8,1,2,4,2
558,109.8,1,2,4,2
517,109.8,1,2,4,2
307,112.5,1,2,4,2
279,112.5,1,2,4,2
252,112.5,1,2,4,2
211,112.5,1,2,4,2
22,38.6,3,2,4,2
352,37.5,3,2,4,2
896,35.4,3,2,4,2
536,36.6,3,2,4,2
333,112.5,1,2,4,2
331,112.5,1,2,4,2
313,112.5,1,2,4,2
261,112.5,1,2,4,2
257,112.5,1,2,4,2
225,37.5,3,2,4,2
171,112.5,1,2,4,2
29,57.9,2,2,4,1
518,109.8,1,2,4,2
241,112.5,1,2,4,2
343,112.5,1,2,4,2
73,115.8,1,2,4,2
45,57.9,7,2,4,2
104,386,5,2,4,2
191,37.5,3,2,4,1
934,35.4,3,2,4,2
672,36.6,3,2,4,2
487,109.8,1,2,4,2
368,112.5,1,2,4,2
265,112.5,1,2,4,2
347,112.5,1,2,4,2
341,112.5,1,2,4,2
197,37.5,3,2,4,2
268,112.5,1,2,4,2
173,37.5,3,2,4,2
12,19.3,15,2,4,2
177,112.5,1,2,4,2
126,112.5,1,2,4,2
119,112.5,1,2,4,2
119,112.5,1,2,4,2
114,115.8,1,2,4,2
210,112.5,4,2,4,2
778,54.9,40,2,4,2
153,112.5,1,2,4,2
96,115.8,1,2,4,2
8,115.8,1,2,4,1
837,109.8,1,2,4,2
563,366,5,2,4,2
119,375,5,2,4,2
9,386,5,2,4,2
4,772,5,2,4,2
337,37.5,3,2,4,2
920,106.2,1,2,4,2
905,354,57,2,4,2
901,106.2,1,2,4,2
8,115.8,1,2,4,1
21,115.8,4,2,4,2
120,375,5,2,4,1
6,386,5,2,4,1
22,154.4,8,2,4,2
311,112.5,1,2,4,2
255,112.5,1,2,4,2
390,112.5,1,2,4,2
270,112.5,1,2,4,2
951,106.2,1,2,4,2
899,106.2,1,2,4,2
888,354,57,2,4,2
664,366,5,2,4,2
312,112.5,1,2,4,2
955,106.2,1,2,4,2
924,106.2,1,2,4,2
895,106.2,1,2,4,2
806,109.8,1,2,4,2
578,36.6,3,2,4,2
321,112.5,1,2,4,2
319,112.5,1,2,4,2
309,112.5,1,2,4,2
425,112.5,4,2,4,2
417,56.25,2,2,4,2
363,112.5,1,2,4,2
354,112.5,1,2,4,2
313,112.5,1,2,4,2
180,112.5,1,2,4,2
179,112.5,1,2,4,2
459,37.5,3,2,4,2
141,375,5,2,4,2
141,750,5,2,4,2
136,750,5,2,4,2
134,750,5,2,4,2
261,112.5,1,2,4,2
250,112.5,1,2,4,2
50,57.9,2,2,4,2
851,106.2,4,2,4,2
597,732,18,2,4,2
221,37.5,3,2,4,2
188,112.5,1,2,4,2
97,115.8,1,2,4,2
637,109.8,1,2,4,2
180,112.5,1,2,4,2
186,112.5,1,2,4,2
43,57.9,2,2,4,2
257,56.25,7,2,4,1
496,366,5,2,4,2
495,732,5,2,4,2
493,732,5,2,4,2
491,732,5,2,4,2
483,732,5,2,4,2
475,375,5,2,4,2
474,750,5,2,4,2
238,112.5,1,2,4,2
198,112.5,1,3,4,2
490,366,5,3,4,2
367,37.5,3,3,4,2
54,57.9,6,3,4,1
267,37.5,3,3,4,2
267,56.25,6,3,4,2
176,750,23,3,4,2
156,37.5,3,3,4,2
343,112.5,1,3,4,2
248,37.5,3,3,4,2
269,37.5,3,3,4,2
142,56.25,7,3,4,2
85,38.6,3,3,4,2
508,36.6,3,3,4,1
92,115.8,1,3,4,2
98,38.6,3,3,4,1
243,37.5,3,3,4,2
323,112.5,1,3,4,2
252,112.5,1,3,4,2
458,37.5,3,3,4,2
451,112.5,4,3,4,2
458,18.75,15,3,4,2
22,386,35,3,4,2
52,57.9,2,3,4,1
28,115.8,1,3,4,1
280,112.5,1,3,4,2
849,106.2,4,3,4,2
476,37.5,12,3,4,2
109,115.8,1,3,4,2
90,57.9,2,3,4,2
89,115.8,1,3,4,2
270,112.5,1,3,4,2
9,115.8,1,3,4,1
119,112.5,1,3,4,2
422,56.25,7,3,4,2
505,366,5,3,4,2
630,36.6,3,3,4,2
157,112.5,1,3,4,2
126,112.5,1,3,4,2
222,112.5,1,3,4,1
219,112.5,1,3,4,1
145,112.5,1,3,4,1
264,112.5,1,3,4,2
576,109.8,1,3,4,2
679,146.4,19,3,4,2
891,106.2,1,3,4,2
771,18.3,16,3,4,2
639,36.6,3,3,4,2
639,36.6,3,3,4,2
256,112.5,1,3,4,2
292,112.5,1,3,4,2
152,375,5,3,4,2
162,56.25,2,3,4,2
196,37.5,3,3,4,1
183,750,23,3,4,2
99,57.9,2,3,4,2
62,57.9,2,3,4,2
172,112.5,4,3,4,2
144,56.25,2,3,4,2
116,112.5,1,3,4,1
55,115.8,1,3,4,1
172,112.5,1,3,4,2
545,36.6,3,3,4,2
11,115.8,1,3,4,1
52,57.9,2,3,4,2
108,115.8,1,3,4,1
43,57.9,28,3,4,2
590,36.6,3,3,4,2
427,375,5,3,4,2
344,112.5,1,3,4,2
239,112.5,1,3,4,1
141,56.25,2,3,4,2
30,57.9,2,3,4,1
129,56.25,2,3,4,2
125,750,5,3,4,2
34,57.9,2,3,4,1
97,57.9,2,3,4,1
86,57.9,6,3,4,1
107,57.9,6,3,4,1
202,37.5,3,3,4,2
242,112.5,1,3,4,1
486,36.6,22,3,4,2
603,109.8,1,3,4,2
600,109.8,1,3,4,2
971,141.6,8,3,4,2
318,37.5,3,3,4,2
90,115.8,1,3,4,2
264,112.5,1,3,4,2
261,112.5,1,3,4,2
251,112.5,1,3,4,2
50,115.8,1,3,4,2
107,57.9,2,3,4,2
101,57.9,2,3,4,2
93,57.9,2,3,4,2
350,112.5,1,3,4,2
283,112.5,1,3,4,2
132,112.5,1,3,4,2
625,109.8,4,3,4,2
363,112.5,1,3,4,2
350,112.5,1,3,4,2
38,57.9,2,3,4,1
233,112.5,1,3,4,2
162,375,5,3,4,2
120,56.25,2,3,4,2
364,37.5,3,3,4,2
142,112.5,1,3,4,2
46,115.8,1,3,4,1
942,106.2,1,3,4,2
544,109.8,1,3,4,2
190,112.5,1,3,4,2
166,112.5,1,3,4,1
313,112.5,1,3,4,2
293,112.5,1,3,4,2
289,112.5,1,3,4,2
271,37.5,3,3,4,2
230,112.5,1,3,4,2
219,112.5,1,3,4,2
190,112.5,1,3,4,2
194,375,5,3,4,2
170,750,5,3,4,2
163,750,5,3,4,2
93,386,5,3,4,2
69,772,5,3,4,2
50,57.9,2,3,4,2
335,112.5,1,3,4,2
316,112.5,1,3,4,2
50,115.8,1,3,4,1
146,37.5,3,3,4,1
81,386,30,3,4,1
64,57.9,2,3,4,1
148,112.5,1,3,4,2
67,57.9,2,3,4,2
535,366,26,3,4,2
545,366,5,3,4,2
385,112.5,1,3,4,2
331,112.5,1,3,4,2
22,115.8,4,3,4,2
231,112.5,1,3,4,2
182,112.5,1,3,4,1
476,36.6,3,3,4,2
350,112.5,4,3,4,2
247,37.5,3,3,4,2
202,112.5,1,3,4,2
90,115.8,1,3,4,2
866,35.4,3,3,4,2
866,35.4,3,3,4,2
521,36.6,3,3,4,2
331,112.5,1,3,4,2
212,112.5,1,3,4,2
34,115.8,14,3,4,1
210,112.5,1,3,4,2
266,112.5,1,3,4,2
253,112.5,1,3,4,2
63,57.9,2,3,4,2
50,115.8,1,3,4,1
19,57.9,2,3,4,1
675,109.8,1,3,4,2
628,109.8,1,3,4,2
551,36.6,3,3,4,2
542,109.8,1,3,4,2
528,109.8,1,3,4,2
524,109.8,1,3,4,2
510,109.8,1,3,4,2
476,112.5,1,3,4,2
453,112.5,1,3,4,2
364,37.5,3,3,4,2
331,37.5,3,3,4,2
277,37.5,3,3,4,2
257,112.5,1,3,4,2
252,112.5,1,3,4,2
225,112.5,1,3,4,2
200,112.5,1,3,4,2
198,37.5,3,3,4,2
83,115.8,1,3,4,2
84,57.9,2,3,4,2
53,115.8,1,3,4,2
53,115.8,1,3,4,2
33,115.8,4,3,4,2
193,150,8,3,4,2
57,57.9,2,3,4,2
44,115.8,4,3,4,2
356,112.5,1,3,4,2
306,18.75,16,3,4,2
217,150,8,3,4,2
590,109.8,1,3,4,2
588,109.8,1,3,4,2
584,109.8,1,3,4,2
860,35.4,3,3,4,2
165,112.5,1,3,4,2
11,115.8,1,3,4,1
359,112.5,1,3,4,1
271,112.5,1,3,4,2
312,112.5,1,3,4,2
90,115.8,1,3,4,2
159,112.5,1,3,4,2
81,115.8,1,3,4,2
217,37.5,3,3,4,1
722,36.6,3,3,4,2
290,112.5,1,3,4,2
253,112.5,1,3,4,2
79,115.8,1,3,4,2
850,354,5,3,4,2
317,112.5,1,3,4,2
311,112.5,1,3,4,2
296,112.5,1,3,4,2
290,112.5,1,3,4,2
253,112.5,1,3,4,2
253,112.5,1,3,4,2
140,37.5,3,3,4,1
157,37.5,3,3,4,2
304,112.5,1,3,4,2
726,36.6,3,3,4,2
139,112.5,1,3,4,2
19,57.9,2,3,4,1
724,54.9,2,4,4,2
372,150,8,4,4,1
372,112.5,4,4,4,1
99,57.9,2,4,4,2
13,57.9,2,4,4,1
106,772,23,4,4,2
391,37.5,3,4,4,2
179,56.25,2,4,4,2
362,37.5,3,4,4,1
116,112.5,1,4,4,2
210,37.5,3,4,4,2
18,115.8,1,4,4,2
51,115.8,1,4,4,2
23,57.9,2,4,4,2
797,109.8,4,4,4,2
645,36.6,3,4,4,2
641,54.9,2,4,4,2
397,112.5,4,4,4,2
109,386,5,4,4,2
270,112.5,1,4,4,2
529,109.8,1,4,4,2
355,112.5,1,4,4,2
351,112.5,1,4,4,2
567,36.6,3,4,4,2
184,750,23,4,4,2
440,112.5,1,4,4,2
158,112.5,1,4,4,2
9,115.8,1,4,4,2
960,17.7,15,4,4,2
871,708,18,4,4,2
458,37.5,36,4,4,2
149,112.5,1,4,4,1
148,112.5,1,4,4,1
109,112.5,1,4,4,1
68,115.8,1,4,4,1
51,57.9,2,4,4,1
172,112.5,1,4,4,2
144,112.5,1,4,4,2
82,115.8,1,4,4,2
270,112.5,1,4,4,2
105,19.3,15,4,4,2
21,115.8,4,4,4,2
507,36.6,3,4,4,2
87,115.8,1,4,4,2
231,112.5,1,4,4,2
188,112.5,1,4,4,2
179,112.5,1,4,4,2
167,112.5,1,4,4,2
167,112.5,1,4,4,2
204,112.5,1,4,4,2
36,115.8,1,4,4,2
639,109.8,4,4,4,2
600,109.8,1,4,4,2
588,109.8,1,4,4,2
105,115.8,1,4,4,2
174,112.5,1,4,4,2
808,109.8,4,4,4,2
67,115.8,1,4,4,2
211,56.25,2,4,4,2
184,18.75,15,4,4,2
444,37.5,3,4,4,2
346,112.5,1,4,4,2
152,112.5,1,4,4,2
403,37.5,3,4,4,2
331,18.75,16,4,4,2
19,115.8,4,4,4,2
564,109.8,1,4,4,2
71,57.9,2,4,4,2
5,115.8,1,4,4,2
567,18.3,16,4,4,2
171,112.5,4,4,4,2
172,112.5,1,4,4,2
103,115.8,1,4,4,2
100,375,5,4,4,2
203,112.5,1,4,4,2
228,112.5,1,4,4,1
155,112.5,1,4,4,1
154,112.5,1,4,4,1
153,112.5,1,4,4,1
132,112.5,1,4,4,1
108,57.9,2,4,4,2
825,18.3,15,4,4,2
785,146.4,19,4,4,2
783,36.6,3,4,4,2
769,36.6,3,4,4,2
756,36.6,3,4,4,2
749,36.6,3,4,4,2
741,36.6,3,4,4,2
727,36.6,3,4,4,2
720,36.6,3,4,4,2
719,36.6,3,4,4,2
720,366,5,4,4,2
710,36.6,3,4,4,2
685,36.6,3,4,4,2
671,36.6,3,4,4,2
664,36.6,3,4,4,2
660,36.6,3,4,4,2
646,36.6,3,4,4,2
643,36.6,3,4,4,2
514,36.6,3,4,4,2
504,36.6,3,4,4,2
501,36.6,3,4,4,2
495,36.6,3,4,4,2
485,36.6,3,4,4,2
413,37.5,3,4,4,2
390,375,35,4,4,2
359,37.5,3,4,4,2
355,112.5,14,4,4,2
346,37.5,3,4,4,2
346,112.5,14,4,4,2
258,112.5,1,4,4,2
187,37.5,3,4,4,2
117,112.5,14,4,4,2
101,57.9,2,4,4,2
94,57.9,2,4,4,2
178,56.25,2,4,4,2
416,375,5,4,4,2
201,112.5,1,4,4,2
199,112.5,1,4,4,2
197,112.5,1,4,4,2
597,109.8,1,4,4,2
549,36.6,3,4,4,2
512,36.6,3,4,4,2
269,112.5,1,4,4,2
65,57.9,2,4,4,2
16,115.8,1,4,4,1
132,112.5,1,4,4,2
5,115.8,1,4,4,2
244,112.5,1,4,4,2
309,18.75,16,4,4,2
160,112.5,1,4,4,2
133,112.5,1,4,4,2
644,54.9,2,4,4,2
667,36.6,3,4,4,2
638,36.6,3,4,4,2
382,37.5,3,4,4,2
381,37.5,3,4,4,2
221,112.5,1,4,4,2
178,56.25,2,4,4,2
85,115.8,4,4,4,2
322,375,5,4,4,2
279,112.5,4,4,4,2
272,750,5,4,4,2
121,112.5,1,4,4,2
50,57.9,2,4,4,2
60,115.8,1,4,4,1
49,115.8,1,4,4,1
62,57.9,2,4,4,2
746,109.8,1,4,4,2
654,109.8,1,4,4,2
614,109.8,1,4,4,2
585,109.8,1,4,4,2
561,109.8,1,4,4,2
459,112.5,1,4,4,2
382,112.5,1,4,4,2
371,112.5,1,4,4,2
158,112.5,1,4,4,2
370,375,5,4,4,2
340,112.5,1,4,4,2
312,750,5,4,4,2
258,37.5,3,4,4,2
303,112.5,4,4,4,2
105,386,30,4,4,2
19,57.9,2,4,4,2
271,112.5,1,4,4,2
173,112.5,1,4,4,2
322,112.5,1,4,4,2
360,112.5,1,4,4,2
358,112.5,1,4,4,2
162,375,5,4,4,2
270,112.5,1,4,4,2
266,112.5,1,4,4,2
200,112.5,1,4,4,2
174,112.5,1,4,4,2
137,112.5,1,4,4,2
4,115.8,1,4,4,2
124,112.5,1,4,4,1
75,57.9,6,4,4,2
812,366,5,4,4,2
242,37.5,3,4,4,2
106,386,5,4,4,2
534,36.6,3,4,4,2
418,375,5,4,4,2
178,37.5,3,4,4,2
22,57.9,28,4,4,1
141,375,5,4,4,2
333,112.5,1,4,4,1
204,112.5,4,4,4,2
39,386,5,4,4,2
150,56.25,2,4,4,2
109,115.8,1,4,4,2
229,37.5,3,4,4,2
263,112.5,1,4,4,2
263,112.5,1,4,4,1
116,112.5,1,4,4,1
130,112.5,1,4,4,1
855,17.7,16,4,4,2
652,36.6,3,4,4,2
638,36.6,3,4,4,2
608,36.6,3,4,4,2
597,109.8,1,4,4,2
452,112.5,4,4,4,2
358,112.5,1,4,4,2
268,112.5,1,4,4,2
165,112.5,1,4,4,2
235,112.5,1,4,4,2
65,115.8,1,4,4,2
453,112.5,1,4,4,2
616,109.8,1,4,4,2
615,109.8,1,4,4,2
604,109.8,1,4,4,2
603,109.8,1,4,4,2
601,109.8,1,4,4,2
580,109.8,1,4,4,2
575,109.8,1,4,4,2
567,109.8,1,4,4,2
561,109.8,1,4,4,2
556,109.8,1,4,4,2
553,109.8,1,4,4,2
547,109.8,1,4,4,2
262,375,5,4,4,2
62,386,5,4,4,2
159,112.5,1,4,4,2
558,366,5,4,4,2
90,115.8,1,4,4,2
129,56.25,2,4,4,2
78,115.8,1,4,4,2
46,115.8,1,4,4,2
183,375,30,4,4,2
258,112.5,1,4,4,2
194,112.5,1,4,4,2
165,112.5,1,4,4,2
165,112.5,1,4,4,2
47,57.9,2,4,4,2
249,112.5,1,4,4,2
80,57.9,7,4,4,2
7,115.8,1,4,4,2
387,112.5,1,4,4,2
243,112.5,1,4,4,2
160,56.25,2,4,4,2
245,112.5,1,4,4,2
281,112.5,1,4,4,2
312,112.5,1,4,4,2
309,112.5,1,4,4,2
304,112.5,1,4,4,2
304,112.5,1,4,4,2
302,375,5,4,4,2
301,112.5,1,4,4,2
293,112.5,1,4,4,2
285,112.5,1,4,4,2
263,112.5,1,4,4,2
260,112.5,1,4,4,2
258,112.5,1,4,4,2
258,112.5,1,4,4,2
258,112.5,1,4,4,2
256,112.5,1,4,4,2
253,750,5,4,4,2
252,112.5,1,4,4,2
252,112.5,1,4,4,2
251,112.5,1,4,4,2
250,112.5,1,4,4,2
249,112.5,1,4,4,2
213,112.5,1,4,4,2
696,36.6,3,4,4,2
45,115.8,1,4,4,2
271,112.5,1,4,4,2
206,37.5,3,5,4,2
527,109.8,4,5,4,2
160,112.5,1,5,4,1
388,37.5,3,5,4,2
134,112.5,1,5,4,2
13,57.9,2,5,4,2
243,37.5,3,5,4,2
264,112.5,1,5,4,2
65,115.8,1,5,4,2
14,115.8,1,5,4,2
188,112.5,1,5,4,1
270,112.5,1,5,4,1
173,18.75,16,5,4,2
265,112.5,1,5,4,2
845,109.8,1,5,4,2
322,37.5,3,5,4,2
170,750,23,5,4,2
141,37.5,11,5,4,2
288,37.5,3,5,4,2
283,37.5,3,5,4,2
282,37.5,3,5,4,2
281,37.5,3,5,4,2
215,112.5,1,5,4,2
202,112.5,1,5,4,2
181,112.5,1,5,4,2
152,112.5,1,5,4,2
52,115.8,1,5,4,2
50,115.8,1,5,4,2
308,112.5,1,5,4,2
214,37.5,12,5,4,2
196,56.25,2,5,4,1
204,112.5,1,5,4,1
207,112.5,1,5,4,1
179,112.5,4,5,4,1
182,37.5,12,5,4,1
33,57.9,2,5,4,2
633,366,5,5,4,2
85,115.8,1,5,4,2
52,57.9,2,5,4,2
198,112.5,1,5,4,1
384,112.5,1,5,4,2
335,112.5,1,5,4,2
38,386,5,5,4,2
279,37.5,3,5,4,2
777,366,5,5,4,2
253,112.5,1,5,4,2
191,37.5,3,5,4,2
81,115.8,1,5,4,1
257,112.5,1,5,4,1
673,109.8,1,5,4,2
613,36.6,3,5,4,2
358,112.5,1,5,4,2
144,56.25,2,5,4,2
127,112.5,1,5,4,2
139,56.25,2,5,4,2
934,354,26,5,4,2
101,115.8,1,5,4,2
99,57.9,2,5,4,2
85,57.9,2,5,4,2
614,109.8,1,5,4,2
64,57.9,9,5,4,2
15,154.4,8,5,4,1
61,115.8,1,5,4,1
629,109.8,4,5,4,2
146,18.75,16,5,4,2
28,57.9,2,5,4,2
67,386,5,5,4,1
376,112.5,1,5,4,2
198,112.5,1,5,4,2
197,112.5,1,5,4,2
197,112.5,1,5,4,2
154,112.5,4,5,4,2
249,112.5,1,5,4,2
208,112.5,1,5,4,2
22,57.9,2,5,4,2
491,109.8,4,5,4,2
395,37.5,3,5,4,1
532,36.6,3,5,4,2
206,112.5,4,5,4,1
595,109.8,1,5,4,2
253,112.5,1,5,4,2
246,112.5,1,5,4,2
99,115.8,1,5,4,2
375,112.5,1,5,4,2
24,57.9,28,5,4,2
312,37.5,3,5,4,2
232,37.5,3,5,4,1
203,112.5,1,5,4,2
103,56.25,2,5,4,2
152,112.5,1,5,4,2
866,141.6,8,5,4,2
686,54.9,6,5,4,2
166,56.25,2,5,4,2
182,112.5,1,5,4,2
173,112.5,1,5,4,2
170,112.5,1,5,4,2
187,37.5,3,5,4,2
220,112.5,1,5,4,2
644,36.6,3,5,4,2
43,115.8,1,5,4,2
273,37.5,3,5,4,2
110,375,5,5,4,1
481,18.3,16,5,4,2
335,112.5,1,5,4,2
168,112.5,1,5,4,2
78,115.8,4,5,4,2
125,750,5,5,4,2
43,57.9,2,5,4,2
21,386,30,5,4,2
293,112.5,1,5,4,2
268,375,5,5,4,2
257,37.5,3,5,4,2
212,112.5,1,5,4,2
401,112.5,1,5,4,2
377,112.5,1,5,4,2
298,112.5,1,5,4,2
100,38.6,3,5,4,2
188,112.5,4,5,4,2
124,112.5,1,5,4,2
522,36.6,3,5,4,2
430,37.5,45,5,4,2
893,106.2,1,5,4,2
551,109.8,1,5,4,2
282,112.5,1,5,4,2
260,112.5,1,5,4,2
46,115.8,1,5,4,2
76,115.8,1,5,4,2
217,112.5,1,5,4,2
99,57.9,2,5,4,2
109,57.9,2,5,4,2
157,112.5,1,5,4,2
208,112.5,4,5,4,2
464,375,26,5,4,2
120,112.5,4,5,4,2
105,38.6,3,5,4,2
105,38.6,3,5,4,2
97,38.6,36,5,4,2
35,115.8,1,5,4,2
686,36.6,3,5,4,2
128,375,5,5,4,2
34,386,5,5,4,2
189,56.25,7,5,4,2
53,115.8,1,5,4,2
28,57.9,2,5,4,1
13,57.9,2,5,4,1
104,115.8,1,5,4,2
89,115.8,1,5,4,2
717,36.6,3,5,4,2
397,112.5,1,5,4,2
339,112.5,1,5,4,2
289,112.5,1,5,4,2
275,112.5,1,5,4,2
240,112.5,1,5,4,2
232,112.5,1,5,4,2
133,112.5,1,5,4,2
746,36.6,3,5,4,2
363,37.5,3,5,4,2
301,112.5,1,5,4,2
619,109.8,1,5,4,2
588,109.8,1,5,4,2
578,109.8,1,5,4,2
521,109.8,1,5,4,2
516,109.8,1,5,4,2
487,109.8,1,5,4,2
432,37.5,3,5,4,2
321,112.5,1,5,4,2
302,112.5,1,5,4,2
294,112.5,1,5,4,2
637,18.3,15,5,4,2
362,37.5,3,5,4,2
166,112.5,1,5,4,2
484,36.6,3,5,4,2
984,53.1,50,5,4,2
305,112.5,4,5,4,2
157,112.5,1,5,4,2
140,56.25,2,5,4,2
91,115.8,1,5,4,1
87,38.6,3,5,4,1
149,112.5,1,5,4,2
294,375,5,5,4,2
266,750,5,5,4,2
263,112.5,1,5,4,2
255,750,5,5,4,2
219,750,5,5,4,2
198,750,5,5,4,2
191,750,5,5,4,2
188,750,5,5,4,2
229,112.5,1,5,4,2
146,112.5,1,5,4,2
47,386,5,5,4,2
42,115.8,4,5,4,2
81,115.8,1,5,4,2
246,112.5,1,5,4,2
246,112.5,1,5,4,2
740,36.6,3,5,4,2
668,36.6,3,5,4,2
668,36.6,3,5,4,2
652,36.6,3,5,4,2
426,112.5,1,5,4,2
413,112.5,1,5,4,2
338,112.5,1,5,4,2
329,112.5,1,5,4,2
298,112.5,1,5,4,2
276,112.5,1,5,4,2
275,112.5,1,5,4,2
273,112.5,1,5,4,2
272,112.5,1,5,4,2
236,112.5,1,5,4,2
151,112.5,1,5,4,2
228,112.5,1,5,4,2
37,38.6,3,5,4,1
50,115.8,1,5,4,2
188,56.25,2,5,4,1
77,38.6,3,6,4,2
676,109.8,1,6,4,2
62,57.9,2,6,4,2
618,366,5,6,4,2
437,37.5,3,6,4,2
407,112.5,14,6,4,2
367,37.5,3,6,4,2
965,35.4,3,6,4,2
53,57.9,2,6,4,2
251,112.5,1,6,4,2
69,38.6,3,6,4,2
99,38.6,3,6,4,2
43,57.9,2,6,4,2
395,37.5,3,6,4,2
356,112.5,1,6,4,2
27,57.9,28,6,4,2
15,57.9,28,6,4,2
78,57.9,2,6,4,2
282,37.5,3,6,4,2
263,37.5,3,6,4,2
59,57.9,2,6,4,2
895,106.2,1,6,4,2
748,109.8,1,6,4,2
207,112.5,1,6,4,2
166,112.5,1,6,4,2
152,56.25,2,6,4,2
653,109.8,4,6,4,2
595,36.6,3,6,4,2
497,366,5,6,4,2
457,18.75,15,6,4,2
347,112.5,1,6,4,2
290,37.5,3,6,4,2
388,37.5,3,6,4,2
98,772,23,6,4,2
214,112.5,1,6,4,2
6,115.8,1,6,4,2
957,106.2,1,6,4,2
733,109.8,1,6,4,2
64,115.8,1,6,4,1
160,112.5,1,6,4,1
22,115.8,4,6,4,2
331,112.5,1,6,4,2
327,112.5,1,6,4,2
325,112.5,1,6,4,2
323,112.5,1,6,4,2
274,112.5,1,6,4,2
263,112.5,1,6,4,2
257,112.5,1,6,4,2
257,112.5,1,6,4,2
339,187.5,43,6,4,2
47,386,30,6,4,2
40,57.9,2,6,4,2
42,57.9,2,6,4,1
480,109.8,1,6,4,2
294,37.5,3,6,4,2
245,112.5,1,6,4,2
127,37.5,3,6,4,2
102,115.8,1,6,4,2
41,38.6,3,6,4,2
32,115.8,1,6,4,2
11,57.9,2,6,4,2
25,115.8,1,6,4,2
59,57.9,2,6,4,2
193,112.5,1,6,4,2
150,112.5,1,6,4,2
84,115.8,1,6,4,2
150,37.5,3,6,4,2
391,37.5,3,6,4,2
24,57.9,2,6,4,2
204,112.5,1,6,4,2
320,112.5,1,6,4,2
292,112.5,1,6,4,2
180,112.5,1,6,4,2
128,375,5,6,4,2
234,112.5,1,6,4,2
130,112.5,1,6,4,2
38,386,5,6,4,2
10,115.8,1,6,4,2
57,57.9,2,6,4,2
553,18.3,16,6,4,2
33,115.8,1,6,4,2
33,115.8,1,6,4,2
1093,354,5,6,4,2
305,112.5,1,6,4,1
238,112.5,1,6,4,2
139,112.5,1,6,4,2
916,354,26,6,4,2
22,57.9,2,6,4,1
201,112.5,1,6,4,2
196,112.5,1,6,4,2
215,112.5,1,6,4,2
249,37.5,3,6,4,2
73,115.8,1,6,4,2
749,109.8,1,6,4,2
728,36.6,3,6,4,2
612,109.8,1,6,4,2
611,109.8,1,6,4,2
609,109.8,1,6,4,2
605,109.8,1,6,4,2
602,109.8,1,6,4,2
278,112.5,1,6,4,2
94,57.9,2,6,4,2
51,57.9,2,6,4,2
76,115.8,1,6,4,2
651,18.3,15,6,4,2
331,112.5,1,6,4,2
6,115.8,1,6,4,1
219,112.5,1,6,4,2
172,112.5,1,6,4,2
70,57.9,2,6,4,2
36,115.8,1,6,4,2
67,57.9,2,6,4,2
501,18.3,15,6,4,2
18,115.8,1,6,4,1
652,18.3,16,6,4,2
148,37.5,49,6,4,2
165,112.5,4,6,4,2
864,35.4,3,6,4,2
778,36.6,3,6,4,2
228,112.5,1,6,4,2
228,112.5,1,6,4,2
249,112.5,1,6,4,2
180,112.5,1,6,4,2
81,115.8,4,6,4,2
63,57.9,2,6,4,2
49,57.9,2,6,4,2
46,115.8,1,6,4,2
30,115.8,1,6,4,2
346,112.5,1,6,4,2
227,37.5,3,6,4,2
110,386,5,6,4,2
14,115.8,1,6,4,2
107,115.8,1,6,4,2
52,57.9,2,6,4,2
242,112.5,1,6,4,2
246,154.4,8,6,4,1
646,18.3,15,6,4,2
387,112.5,1,6,4,2
342,112.5,1,6,4,2
329,112.5,1,6,4,2
51,115.8,1,6,4,2
263,112.5,1,6,4,2
43,115.8,1,6,4,2
131,112.5,1,6,4,2
96,115.8,1,6,4,2
30,57.9,2,6,4,1
107,115.8,1,6,4,2
399,112.5,1,6,4,2
188,112.5,1,6,4,2
324,37.5,3,6,4,2
412,112.5,1,6,4,2
394,112.5,1,6,4,2
392,112.5,1,6,4,2
391,112.5,1,6,4,2
375,112.5,1,6,4,2
367,112.5,1,6,4,2
360,112.5,1,6,4,2
355,112.5,1,6,4,2
333,112.5,1,6,4,2
330,112.5,1,6,4,2
317,112.5,1,6,4,2
317,112.5,1,6,4,2
300,112.5,1,6,4,2
285,112.5,1,6,4,2
43,57.9,2,6,4,2
792,366,5,6,4,2
709,36.6,3,6,4,2
641,36.6,3,6,4,2
534,109.8,4,6,4,2
185,112.5,1,6,4,2
34,57.9,28,6,4,1
161,112.5,1,6,4,2
236,112.5,1,6,4,2
103,19.3,15,6,4,2
41,57.9,2,6,4,2
41,57.9,2,6,4,2
441,37.5,3,6,4,1
404,37.5,3,6,4,1
357,112.5,1,6,4,2
80,57.9,2,6,4,1
73,57.9,2,6,4,1
363,112.5,1,6,4,1
359,112.5,1,6,4,1
347,112.5,1,6,4,1
860,35.4,3,6,4,2
103,115.8,1,6,4,2
94,38.6,3,6,4,2
148,37.5,3,6,4,2
133,112.5,1,6,4,2
1099,354,5,6,4,2
216,112.5,1,6,4,2
206,112.5,1,6,4,2
228,112.5,1,6,4,2
821,36.6,3,6,4,2
76,115.8,1,6,4,2
87,57.9,2,6,4,1
68,115.8,1,6,4,2
50,115.8,1,6,4,2
11,115.8,1,6,4,2
114,115.8,1,6,4,2
163,112.5,1,6,4,2
180,112.5,1,6,4,2
203,112.5,1,6,4,1
10,115.8,1,6,4,1
114,115.8,1,6,4,2
87,57.9,2,6,4,2
40,386,5,6,4,2
151,112.5,1,6,4,2
88,38.6,3,6,4,2
92,115.8,1,6,4,1
123,750,5,6,4,1
122,750,5,6,4,1
35,57.9,2,6,4,2
68,115.8,1,6,4,1
463,37.5,3,6,4,2
430,112.5,14,6,4,2
320,37.5,3,6,4,2
209,112.5,1,6,4,2
42,57.9,2,6,4,2
114,386,5,6,4,2
231,37.5,3,6,4,2
730,36.6,3,6,4,2
175,112.5,1,6,4,2
537,36.6,3,6,4,2
141,56.25,2,6,4,2
135,150,8,6,4,2
64,115.8,1,7,4,2
116,115.8,4,7,4,2
668,36.6,3,7,4,2
28,386,5,7,4,2
102,115.8,1,7,4,2
818,366,5,7,4,2
229,37.5,3,7,4,2
330,112.5,1,7,4,2
304,112.5,1,7,4,2
391,150,8,7,4,2
263,112.5,1,7,4,2
250,112.5,1,7,4,2
584,36.6,3,7,4,2
189,112.5,1,7,4,1
174,112.5,1,7,4,1
175,112.5,1,7,4,1
696,109.8,1,7,4,2
519,366,5,7,4,2
485,109.8,1,7,4,2
285,112.5,1,7,4,2
107,112.5,1,7,4,2
65,115.8,1,7,4,2
960,53.1,2,7,4,2
620,109.8,1,7,4,2
813,36.6,3,7,4,2
274,112.5,1,7,4,2
231,112.5,1,7,4,2
60,115.8,1,7,4,1
364,112.5,1,7,4,2
121,112.5,1,7,4,2
88,115.8,1,7,4,2
372,37.5,3,7,4,2
985,53.1,33,7,4,2
70,115.8,1,7,4,2
183,112.5,14,7,4,2
73,19.3,16,7,4,2
42,115.8,4,7,4,2
233,112.5,1,7,4,2
181,112.5,1,7,4,2
325,375,5,7,4,2
119,112.5,1,7,4,2
130,112.5,1,7,4,2
168,56.25,2,7,4,2
292,112.5,1,7,4,2
139,375,5,7,4,2
134,112.5,1,7,4,2
254,112.5,1,7,4,2
225,18.75,15,7,4,2
91,115.8,1,7,4,2
303,150,8,7,4,2
185,375,30,7,4,1
121,56.25,2,7,4,2
52,57.9,2,7,4,1
308,112.5,1,7,4,2
130,112.5,1,7,4,2
112,57.9,7,7,4,2
333,112.5,1,7,4,2
39,115.8,1,7,4,2
462,37.5,3,7,4,2
454,18.75,15,7,4,2
237,37.5,3,7,4,2
206,37.5,3,7,4,2
162,37.5,3,7,4,2
130,112.5,1,7,4,1
512,366,5,7,4,2
83,115.8,1,7,4,2
100,112.5,1,7,4,2
741,366,5,7,4,2
81,386,5,7,4,2
354,112.5,1,7,4,2
77,115.8,1,7,4,2
438,37.5,3,7,4,2
370,37.5,3,7,4,2
194,112.5,1,7,4,2
255,112.5,1,7,4,2
691,109.8,4,7,4,2
81,38.6,3,7,4,2
66,115.8,1,7,4,2
699,366,5,7,4,2
600,366,5,7,4,2
327,112.5,1,7,4,2
1004,35.4,3,7,4,2
9,386,5,7,4,2
89,57.9,2,7,4,2
81,115.8,1,7,4,2
167,112.5,1,7,4,1
170,56.25,2,7,4,2
117,112.5,1,7,4,2
100,38.6,11,7,4,2
442,37.5,3,7,4,2
184,112.5,1,7,4,2
7,115.8,1,7,4,1
312,375,5,7,4,2
273,750,5,7,4,2
271,112.5,1,7,4,2
904,106.2,4,7,4,2
841,18.3,15,7,4,2
833,54.9,27,7,4,2
353,112.5,1,7,4,2
349,375,5,7,4,2
706,36.6,3,7,4,2
22,115.8,14,7,4,2
101,115.8,1,7,4,2
676,36.6,3,7,4,2
633,109.8,4,7,4,2
849,106.2,1,7,4,2
832,36.6,3,7,4,2
801,109.8,4,7,4,2
800,36.6,3,7,4,2
796,36.6,3,7,4,2
425,18.75,16,7,4,2
21,115.8,13,7,4,2
116,112.5,1,7,4,2
167,56.25,2,7,4,1
194,37.5,3,7,4,2
168,112.5,1,7,4,2
93,38.6,3,7,4,2
38,57.9,28,7,4,2
109,115.8,1,7,4,2
247,112.5,1,7,4,2
190,37.5,3,7,4,2
112,115.8,1,7,4,2
80,38.6,3,7,4,1
591,36.6,3,7,4,2
567,109.8,1,7,4,2
551,109.8,1,7,4,2
343,112.5,1,7,4,2
294,112.5,1,7,4,2
188,112.5,1,7,4,2
48,386,5,7,4,2
34,772,5,7,4,2
24,115.8,1,7,4,2
632,109.8,4,7,4,2
378,112.5,1,7,4,2
6,57.9,7,7,4,2
163,112.5,1,7,4,2
357,375,5,7,4,2
352,750,5,7,4,2
135,375,5,7,4,2
85,57.9,2,7,4,1
144,112.5,1,7,4,2
99,38.6,3,7,4,2
322,112.5,1,7,4,2
45,57.9,2,7,4,2
22,19.3,15,7,4,2
186,112.5,1,7,4,2
61,115.8,1,7,4,2
619,366,5,7,4,2
188,187.5,59,7,4,2
164,18.75,16,7,4,2
184,37.5,3,7,4,2
613,109.8,1,7,4,2
544,109.8,1,7,4,2
475,36.6,3,7,4,2
245,112.5,1,7,4,2
215,112.5,1,7,4,2
498,36.6,3,7,4,2
314,37.5,3,7,4,2
302,112.5,1,7,4,2
55,115.8,1,7,4,2
860,35.4,3,7,4,2
670,36.6,3,7,4,2
212,112.5,1,7,4,2
128,112.5,1,7,4,2
65,115.8,1,7,4,2
572,366,5,7,4,2
556,18.3,15,7,4,2
525,732,18,7,4,2
83,115.8,1,7,4,2
299,112.5,1,7,4,2
614,109.8,1,7,4,2
90,19.3,15,7,4,2
220,112.5,1,7,4,2
753,366,5,7,4,2
15,57.9,2,7,4,2
363,112.5,1,7,4,2
337,112.5,1,7,4,2
623,18.3,15,7,4,2
215,375,5,7,4,2
24,57.9,28,7,4,2
217,112.5,1,7,4,2
171,112.5,1,7,4,2
66,115.8,1,7,4,2
62,115.8,1,7,4,2
45,115.8,1,7,4,2
41,115.8,1,7,4,2
218,112.5,1,7,4,1
864,106.2,1,7,4,2
387,112.5,1,7,4,2
387,112.5,1,7,4,2
380,112.5,1,7,4,2
306,112.5,1,7,4,2
306,112.5,1,7,4,2
306,112.5,1,7,4,2
233,112.5,1,7,4,2
990,354,5,7,4,2
26,115.8,1,7,4,1
578,36.6,3,7,4,2
388,37.5,3,7,4,2
376,37.5,3,7,4,2
223,112.5,1,7,4,2
189,112.5,1,7,4,2
826,109.8,4,7,4,2
599,109.8,1,7,4,2
442,112.5,1,7,4,2
431,375,5,7,4,2
42,57.9,6,7,4,1
371,112.5,1,7,4,2
287,112.5,1,7,4,2
122,112.5,1,7,4,2
376,112.5,1,7,4,2
324,375,5,8,4,2
280,112.5,1,8,4,2
611,36.6,3,8,4,2
100,57.9,2,8,4,2
85,115.8,1,8,4,2
19,115.8,1,8,4,2
925,17.7,15,8,4,2
892,35.4,3,8,4,2
794,36.6,3,8,4,2
728,36.6,3,8,4,2
116,112.5,1,8,4,2
359,112.5,1,8,4,2
341,112.5,1,8,4,2
339,112.5,1,8,4,2
321,112.5,1,8,4,2
218,112.5,1,8,4,2
122,112.5,1,8,4,2
97,57.9,2,8,4,2
152,37.5,3,8,4,2
85,115.8,1,8,4,2
408,112.5,1,8,4,2
408,112.5,1,8,4,2
353,56.25,2,8,4,2
95,115.8,1,8,4,2
649,109.8,1,8,4,2
611,18.3,16,8,4,2
521,109.8,1,8,4,2
496,366,5,8,4,2
487,109.8,1,8,4,2
484,109.8,4,8,4,2
449,37.5,3,8,4,2
386,37.5,3,8,4,2
344,112.5,1,8,4,2
339,112.5,1,8,4,2
312,112.5,1,8,4,2
299,112.5,1,8,4,2
210,112.5,1,8,4,2
177,112.5,1,8,4,2
126,112.5,1,8,4,2
111,115.8,1,8,4,2
98,115.8,1,8,4,2
222,112.5,1,8,4,2
165,112.5,1,8,4,2
152,112.5,1,8,4,2
119,112.5,1,8,4,2
48,115.8,1,8,4,2
11,115.8,4,8,4,2
343,112.5,1,8,4,2
315,37.5,3,8,4,2
81,115.8,1,8,4,2
58,57.9,9,8,4,2
77,38.6,3,8,4,2
162,37.5,3,8,4,2
145,112.5,1,8,4,2
13,115.8,1,8,4,2
422,112.5,1,8,4,2
72,115.8,1,8,4,2
265,112.5,1,8,4,2
106,386,5,8,4,2
108,57.9,7,8,4,2
38,115.8,1,8,4,2
33,115.8,1,8,4,2
208,112.5,1,8,4,2
189,187.5,24,8,4,2
959,106.2,1,8,4,2
948,106.2,1,8,4,2
839,109.8,1,8,4,2
595,109.8,1,8,4,2
567,36.6,3,8,4,2
555,109.8,1,8,4,2
553,109.8,1,8,4,2
354,112.5,1,8,4,2
192,112.5,1,8,4,2
612,36.6,3,8,4,2
206,37.5,3,8,4,2
82,115.8,1,8,4,2
111,115.8,1,8,4,2
374,112.5,1,8,4,2
366,112.5,1,8,4,2
337,112.5,1,8,4,2
322,112.5,1,8,4,2
273,112.5,1,8,4,2
179,112.5,1,8,4,2
59,57.9,2,8,4,1
318,37.5,3,8,4,2
98,115.8,4,8,4,2
186,112.5,1,8,4,2
350,112.5,1,8,4,2
225,112.5,1,8,4,2
394,37.5,3,8,4,2
385,37.5,3,8,4,2
324,375,5,8,4,2
246,112.5,4,8,4,2
229,112.5,1,8,4,2
194,112.5,1,8,4,2
179,112.5,1,8,4,2
142,112.5,1,8,4,2
236,375,30,8,4,2
149,750,5,8,4,2
29,115.8,4,8,4,2
605,36.6,3,8,4,2
604,36.6,3,8,4,2
464,37.5,3,8,4,2
90,38.6,3,8,4,2
653,366,26,8,4,2
51,38.6,36,8,4,2
99,57.9,2,8,4,2
941,35.4,3,8,4,2
564,109.8,1,8,4,2
406,112.5,1,8,4,2
406,112.5,1,8,4,2
395,112.5,1,8,4,2
358,112.5,1,8,4,2
106,115.8,1,8,4,2
247,112.5,1,8,4,2
237,112.5,1,8,4,2
244,37.5,3,8,4,2
154,37.5,3,8,4,2
52,57.9,2,8,4,1
159,112.5,1,8,4,2
136,112.5,1,8,4,2
344,37.5,3,8,4,2
85,57.9,7,8,4,2
563,109.8,1,8,4,2
276,112.5,1,8,4,2
50,115.8,1,8,4,2
72,57.9,2,8,4,2
300,112.5,1,8,4,2
175,37.5,3,8,4,2
161,112.5,1,8,4,2
76,115.8,1,8,4,2
107,38.6,3,8,4,2
129,56.25,2,8,4,2
169,375,30,8,4,2
43,57.9,2,8,4,2
66,115.8,1,8,4,2
164,37.5,3,8,4,1
55,115.8,4,8,4,2
507,36.6,3,8,4,2
81,115.8,1,8,4,2
1073,354,5,8,4,2
123,112.5,1,8,4,2
359,37.5,3,8,4,2
682,36.6,3,8,4,2
363,112.5,1,8,4,2
172,112.5,1,8,4,2
21,115.8,4,8,4,2
184,112.5,1,8,4,2
183,112.5,1,8,4,2
179,112.5,1,8,4,2
107,115.8,4,8,4,2
281,112.5,1,8,4,2
281,112.5,1,8,4,2
279,112.5,1,8,4,2
263,112.5,1,8,4,2
258,112.5,1,8,4,2
256,112.5,1,8,4,2
253,112.5,1,8,4,2
236,112.5,1,8,4,2
222,112.5,1,8,4,2
219,112.5,1,8,4,2
217,112.5,1,8,4,2
210,112.5,1,8,4,2
178,112.5,1,8,4,2
171,112.5,1,8,4,2
443,37.5,3,8,4,2
432,37.5,3,8,4,2
361,112.5,1,8,4,2
345,112.5,1,8,4,2
327,112.5,1,8,4,2
105,115.8,1,8,4,2
64,57.9,7,8,4,2
52,57.9,2,8,4,2
52,19.3,15,8,4,2
113,57.9,2,8,4,2
100,115.8,1,8,4,2
124,112.5,1,8,4,2
143,112.5,1,8,4,2
209,112.5,1,8,4,2
205,37.5,3,8,4,2
195,112.5,1,8,4,2
187,112.5,1,8,4,2
185,112.5,1,8,4,2
146,37.5,3,8,4,2
132,112.5,1,8,4,2
572,109.8,1,8,4,2
561,109.8,1,8,4,2
341,112.5,1,8,4,2
438,112.5,1,8,4,2
390,112.5,1,8,4,2
237,112.5,1,8,4,2
222,112.5,1,8,4,2
684,109.8,4,9,4,2
605,36.6,3,9,4,2
178,56.25,7,9,4,2
178,56.25,7,9,4,2
16,115.8,1,9,4,2
229,112.5,1,9,4,2
191,112.5,1,9,4,2
117,112.5,1,9,4,2
89,115.8,1,9,4,2
55,115.8,1,9,4,2
440,37.5,3,9,4,2
340,112.5,1,9,4,2
166,37.5,22,9,4,2
45,115.8,1,9,4,1
805,36.6,3,9,4,2
489,36.6,3,9,4,2
166,112.5,1,9,4,2
794,18.3,15,9,4,2
794,109.8,20,9,4,2
325,375,30,9,4,2
598,36.6,3,9,4,2
643,36.6,3,9,4,2
643,36.6,3,9,4,2
643,36.6,3,9,4,2
143,37.5,3,9,4,2
85,38.6,3,9,4,2
85,38.6,3,9,4,2
99,115.8,1,9,4,2
60,115.8,1,9,4,2
44,386,5,9,4,2
325,375,5,9,4,2
86,38.6,3,9,4,2
132,56.25,2,9,4,2
185,112.5,1,9,4,2
81,115.8,1,9,4,2
53,115.8,1,9,4,2
518,109.8,1,9,4,2
175,112.5,1,9,4,2
202,112.5,1,9,4,2
314,750,5,9,4,2
280,112.5,1,9,4,2
274,112.5,1,9,4,2
226,112.5,1,9,4,2
221,112.5,1,9,4,2
24,57.9,2,9,4,2
701,109.8,4,9,4,2
555,109.8,1,9,4,2
358,112.5,1,9,4,2
71,115.8,4,9,4,1
13,115.8,1,9,4,2
673,36.6,3,9,4,2
107,57.9,2,9,4,2
49,57.9,2,9,4,2
789,366,5,9,4,2
65,115.8,1,9,4,2
99,115.8,1,9,4,2
175,112.5,1,9,4,2
604,36.6,3,9,4,2
466,112.5,1,9,4,2
501,109.8,1,9,4,2
102,115.8,1,9,4,2
215,112.5,1,9,4,2
544,109.8,4,9,4,2
285,112.5,1,9,4,2
256,112.5,1,9,4,2
256,112.5,1,9,4,2
75,57.9,2,9,4,1
237,112.5,4,9,4,2
120,56.25,2,9,4,2
29,115.8,1,9,4,2
317,112.5,1,9,4,2
797,366,5,9,4,2
207,37.5,3,9,4,2
826,109.8,4,9,4,2
182,56.25,2,9,4,2
43,115.8,1,9,4,2
390,112.5,4,9,4,2
363,37.5,3,9,4,2
251,112.5,4,9,4,2
314,112.5,1,9,4,2
292,112.5,1,9,4,2
257,112.5,1,9,4,2
329,37.5,3,9,4,2
201,112.5,1,9,4,2
298,112.5,1,9,4,2
189,112.5,1,9,4,2
144,112.5,1,9,4,2
40,115.8,1,9,4,1
272,112.5,1,9,4,2
235,112.5,1,9,4,2
231,112.5,1,9,4,2
224,112.5,4,9,4,2
76,386,5,9,4,2
484,109.8,1,9,4,2
41,115.8,1,9,4,2
33,115.8,1,9,4,2
161,56.25,2,9,4,2
98,115.8,1,9,4,2
126,37.5,3,9,4,2
699,109.8,1,9,4,2
644,109.8,1,9,4,2
397,375,5,9,4,2
353,112.5,1,9,4,2
139,112.5,1,9,4,2
110,115.8,1,9,4,2
145,112.5,1,9,4,2
377,112.5,1,9,4,2
520,109.8,1,9,4,2
360,112.5,1,9,4,2
294,112.5,1,9,4,2
289,112.5,1,9,4,2
667,36.6,3,9,4,2
608,36.6,3,9,4,2
601,36.6,3,9,4,2
600,36.6,3,9,4,2
546,36.6,3,9,4,2
495,36.6,3,9,4,2
488,36.6,3,9,4,2
478,36.6,3,9,4,2
359,37.5,3,9,4,2
141,37.5,3,9,4,2
425,112.5,1,9,4,2
234,112.5,1,9,4,2
126,375,5,9,4,2
306,37.5,3,9,4,2
524,366,5,9,4,2
691,36.6,3,9,4,2
697,109.8,1,9,4,2
684,109.8,1,9,4,2
666,109.8,1,9,4,2
653,109.8,4,9,4,2
422,112.5,1,9,4,2
422,112.5,1,9,4,2
361,112.5,1,9,4,2
349,112.5,1,9,4,2
294,112.5,1,9,4,2
238,112.5,1,9,4,2
72,115.8,1,9,4,2
166,750,5,9,4,2
124,38.6,3,9,4,2
807,109.8,1,9,4,2
49,115.8,1,9,4,2
944,106.2,4,9,4,2
204,112.5,1,9,4,2
165,112.5,1,9,4,2
27,115.8,1,9,4,2
40,115.8,1,9,4,2
633,109.8,25,9,4,2
787,366,5,9,4,2
811,366,5,9,4,2
794,732,5,9,4,2
313,112.5,1,9,4,2
278,112.5,1,9,4,2
811,109.8,25,9,4,2
722,54.9,2,9,4,2
447,112.5,4,9,4,2
257,37.5,3,9,4,2
120,37.5,3,9,4,2
124,112.5,1,9,4,2
124,112.5,1,9,4,2
96,115.8,1,9,4,1
40,115.8,1,9,4,2
38,115.8,1,9,4,2
35,115.8,1,9,4,2
127,38.6,3,9,4,2
47,386,5,9,4,1
18,115.8,1,9,4,2
150,56.25,2,9,4,2
834,109.8,1,9,4,2
720,36.6,3,9,4,2
939,106.2,1,9,4,2
939,35.4,3,9,4,2
872,106.2,1,9,4,2
821,36.6,3,9,4,2
736,109.8,4,9,4,2
719,366,5,9,4,2
666,36.6,3,9,4,2
638,109.8,1,9,4,2
635,109.8,1,9,4,2
591,109.8,1,9,4,2
575,109.8,4,9,4,2
480,109.8,1,9,4,2
435,37.5,3,9,4,2
433,375,5,9,4,2
432,750,5,9,4,2
966,106.2,1,9,4,2
962,106.2,1,9,4,2
65,57.9,2,9,4,2
88,57.9,2,9,4,2
5,115.8,1,9,4,1
447,112.5,1,9,4,1
412,112.5,1,9,4,1
412,112.5,1,9,4,1
208,112.5,1,9,4,1
107,112.5,1,9,4,1
107,112.5,1,9,4,1
118,112.5,1,9,4,2
124,112.5,1,9,4,2
71,115.8,1,9,4,2
629,36.6,3,9,4,2
22,57.9,2,9,4,2
121,112.5,1,9,4,2
150,56.25,2,9,4,2
835,109.8,1,9,4,2
286,112.5,1,9,4,2
233,112.5,1,9,4,2
215,112.5,1,9,4,2
123,112.5,1,9,4,2
106,386,5,9,4,2
35,38.6,3,10,4,1
119,57.9,9,10,4,2
793,36.6,11,10,4,2
518,36.6,12,10,4,2
491,36.6,12,10,4,2
491,109.8,13,10,4,2
455,37.5,12,10,4,2
429,112.5,4,10,4,2
402,112.5,4,10,4,2
350,37.5,12,10,4,2
335,115.8,1,10,4,2
318,115.8,1,10,4,2
282,38.6,3,10,4,2
381,38.6,3,10,4,2
816,18.3,15,10,4,2
579,36.6,12,10,4,1
179,18.75,15,10,4,2
179,18.75,15,10,4,2
474,183,17,10,4,2
239,115.8,1,10,4,2
314,38.6,3,10,4,2
371,38.6,3,10,4,2
211,115.8,1,10,4,2
879,708,18,10,4,2
813,54.9,2,10,4,2
442,18.75,15,10,4,2
342,56.25,2,10,4,2
311,18.75,15,10,4,2
310,18.75,15,10,4,2
470,112.5,4,10,4,2
629,18.3,10,10,4,2
512,109.8,4,10,4,2
244,150,19,10,4,2
746,109.8,20,10,4,2
693,18.3,16,10,4,2
533,36.6,21,10,4,2
943,17.7,16,10,4,2
874,106.2,4,10,4,2
67,19.3,15,10,4,1
79,19.3,16,10,4,2
104,38.6,22,10,4,2
76,115.8,4,10,4,2
98,19.3,15,10,4,2
481,36.6,3,10,4,1
119,56.25,9,10,4,1
352,37.5,11,10,4,2
332,37.5,21,10,4,2
169,187.5,24,10,4,2
608,36.6,11,10,4,2
458,18.75,15,10,4,2
90,38.6,3,10,4,2
521,36.6,11,10,4,2
422,37.5,11,10,4,2
278,112.5,4,10,4,2
93,772,23,10,4,2
884,35.4,3,10,4,2
911,35.4,12,10,4,2
197,37.5,21,10,4,2
951,38.6,3,10,4,2
88,57.9,9,10,4,2
813,36.6,11,10,4,2
352,37.5,11,10,4,2
439,56.25,2,10,4,2
64,57.9,9,10,4,2
81,57.9,9,10,4,2
130,18.75,15,10,4,2
61,57.9,2,10,4,2
81,115.8,4,10,4,2
48,57.9,2,10,4,2
148,37.5,11,10,4,2
351,18.75,16,10,4,2
154,56.25,9,10,4,2
43,193,17,10,4,2
302,115.8,1,10,4,2
98,57.9,2,10,4,2
650,18.3,10,10,4,2
959,53.1,27,10,4,2
310,18.75,16,10,4,2
293,56.25,9,10,4,2
370,18.75,15,10,4,2
276,18.75,15,10,4,2
24,19.3,15,10,4,2
107,38.6,22,10,4,2
305,112.5,20,10,4,2
290,37.5,21,10,4,2
281,37.5,21,10,4,2
272,18.75,10,10,4,2
212,18.75,10,10,4,2
329,37.5,21,10,4,2
169,56.25,27,10,4,2
136,18.75,15,10,4,2
54,57.9,2,10,4,1
686,36.6,3,10,4,2
869,106.2,4,10,4,2
335,750,29,10,4,2
646,36.6,3,10,4,2
407,37.5,11,10,4,2
947,35.4,11,10,4,2
814,36.6,11,10,4,2
651,18.3,15,10,4,2
784,54.9,2,10,4,2
757,54.9,2,10,4,2
225,37.5,11,10,4,2
250,56.25,9,10,4,2
72,115.8,20,10,4,1
204,18.75,16,10,4,2
503,375,5,10,4,2
416,375,5,10,4,2
413,375,5,10,4,2
777,54.9,2,10,4,2
773,18.3,15,10,4,2
750,36.6,21,10,4,2
654,18.3,15,10,4,2
616,36.6,12,10,4,2
458,56.25,31,10,4,2
367,56.25,2,10,4,2
310,56.25,2,10,4,2
297,112.5,32,10,4,2
213,37.5,12,10,4,2
85,57.9,2,10,4,2
778,57.9,2,10,4,2
897,17.7,10,10,4,2
825,18.3,10,10,4,2
977,106.2,4,10,4,2
315,37.5,3,10,4,2
229,18.75,16,10,4,2
144,18.75,15,10,4,2
100,19.3,15,10,4,2
682,54.9,2,10,4,2
95,57.9,2,10,4,2
618,109.8,4,10,4,2
335,112.5,4,10,4,2
496,386,5,10,4,2
31,38.6,22,10,4,2
798,54.9,2,10,4,2
20,57.9,33,10,4,1
22,57.9,27,10,4,2
476,187.5,34,10,4,2
353,18.75,15,10,4,2
351,18.75,15,10,4,2
229,18.75,15,10,4,2
719,36.6,11,10,4,2
605,109.8,4,10,4,2
626,36.6,3,10,4,2
58,19.3,15,10,4,2
211,18.75,15,10,4,2
337,37.5,11,10,4,2
721,36.6,22,10,4,2
668,18.3,15,10,4,2
765,112.5,4,10,4,2
743,37.5,3,10,4,2
820,36.6,3,10,4,2
596,36.6,11,10,4,2
306,112.5,4,10,4,2
219,115.8,1,10,4,2
252,38.6,3,10,4,2
577,36.6,3,10,4,2
515,18.3,16,10,4,2
118,187.5,17,10,4,2
44,38.6,22,10,4,2
850,106.2,4,10,4,2
561,18.3,15,10,4,2
495,36.6,21,10,4,2
395,37.5,22,10,4,2
21,19.3,16,10,4,2
770,109.8,20,10,4,2
188,37.5,3,10,4,1
224,750,23,10,4,2
625,54.9,9,10,4,2
546,36.6,12,10,4,2
643,36.6,11,10,4,2
311,37.5,11,10,4,2
178,56.25,27,10,4,2
28,57.9,9,10,4,1
665,183,34,10,4,2
226,750,23,10,4,2
147,112.5,4,10,4,2
514,18.3,15,10,4,2
925,17.7,15,10,4,2
97,38.6,21,10,4,2
907,17.7,16,10,4,2
790,36.6,3,10,4,2
448,18.75,15,10,4,2
490,36.6,3,10,4,2
64,19.3,15,10,4,1
538,36.6,12,10,4,2
96,38.6,36,10,4,1
493,18.3,15,10,4,2
63,57.9,9,10,4,2
73,57.9,37,10,4,2
375,37.5,21,10,4,2
233,37.5,21,10,4,2
578,36.6,3,10,4,2
144,56.25,33,10,4,2
535,18.3,15,10,4,2
220,112.5,20,10,4,2
265,18.75,15,10,4,2
52,19.3,15,10,4,2
23,115.8,38,10,4,2
406,37.5,39,10,4,2
379,37.5,11,10,4,2
646,36.6,11,10,4,2
452,112.5,4,10,4,2
131,37.5,21,10,4,2
798,36.6,3,10,4,2
131,56.25,2,10,4,2
511,18.3,15,10,4,2
144,56.25,2,10,4,2
330,56.25,40,10,4,2
927,115.8,1,10,4,2
196,112.5,25,10,4,2
282,37.5,11,10,4,2
353,112.5,25,10,4,2
265,18.75,15,10,4,2
328,37.5,41,10,4,2
498,36.6,11,10,4,2
177,18.75,42,10,4,2
351,18.75,15,10,4,2
766,36.6,11,10,4,2
128,56.25,9,10,4,2
302,187.5,17,10,4,2
290,18.75,15,10,4,1
49,115.8,4,10,4,2
879,17.7,16,10,4,2
275,37.5,22,10,4,2
919,53.1,40,10,4,2
907,53.1,2,10,4,2
771,18.3,15,10,4,2
720,54.9,2,10,4,2
570,183,17,10,4,2
554,109.8,4,10,4,2
349,56.25,7,10,4,2
37,38.6,21,10,4,2
801,36.6,11,10,4,2
562,18.3,16,10,4,2
471,18.75,15,10,4,2
44,57.9,2,10,4,2
944,106.2,4,10,4,2
522,112.5,1,10,4,2
505,37.5,3,10,4,2
400,37.5,3,10,4,1
445,112.5,4,10,4,2
762,109.8,1,10,4,2
194,112.5,4,10,4,2
384,56.25,2,10,4,2
296,18.75,16,10,4,2
865,106.2,4,10,4,2
651,109.8,4,10,4,2
306,37.5,3,10,4,2
43,115.8,4,10,4,2
434,37.5,11,10,4,1
337,37.5,11,10,4,1
231,37.5,11,10,4,1
214,37.5,3,10,4,2
20,115.8,4,10,4,1
563,36.6,21,10,4,2
476,112.5,4,10,4,2
50,115.8,4,10,4,2
579,112.5,1,10,4,2
247,115.8,1,10,4,2
161,57.9,2,10,4,2
290,386,5,10,4,2
605,36.6,11,10,4,2
595,18.3,15,10,4,2
405,37.5,11,10,4,2
395,112.5,4,10,4,2
354,112.5,4,10,4,2
329,37.5,11,10,4,2
135,18.75,15,10,4,2
945,17.7,15,10,4,2
460,18.75,15,10,4,2
82,19.3,16,10,4,2
504,18.3,16,10,4,2
658,18.3,15,10,4,2
626,18.3,15,10,4,2
335,18.75,15,10,4,2
311,18.75,15,10,4,2
220,18.75,10,10,4,2
57,115.8,32,10,4,2
25,19.3,15,10,4,2
616,109.8,4,10,4,2
974,38.6,3,10,4,2
799,54.9,2,10,4,2
691,54.9,2,10,4,2
709,112.5,4,10,4,2
540,109.8,4,10,4,2
645,36.6,11,10,4,2
594,36.6,11,10,4,2
379,37.5,11,10,4,2
350,37.5,11,10,4,2
281,37.5,11,10,4,2
164,37.5,41,10,4,2
665,36.6,3,10,4,2
204,18.75,15,10,4,2
83,115.8,4,10,4,2
43,115.8,4,10,4,2
52,57.9,9,10,4,2
218,37.5,3,10,4,2
844,109.8,20,10,4,2
844,109.8,20,10,4,2
492,36.6,3,10,4,2
38,772,23,10,4,2
686,375,5,10,4,2
922,106.2,4,10,4,2
482,112.5,1,10,4,2
169,750,23,10,4,2
295,112.5,20,10,4,2
157,37.5,3,10,4,2
103,112.5,13,10,4,2
22,57.9,2,10,4,2
578,36.6,3,10,4,2
312,37.5,11,10,4,2
122,57.9,9,10,4,2
548,37.5,3,10,4,2
426,37.5,3,10,4,2
273,37.5,21,10,4,2
182,56.25,2,10,4,2
87,57.9,2,10,4,2
328,56.25,2,10,4,2
167,112.5,4,10,4,2
167,112.5,4,10,4,2
592,38.6,3,10,4,2
592,38.6,3,10,4,2
546,109.8,20,10,4,2
224,18.75,15,10,4,2
267,18.75,15,10,4,2
282,112.5,32,10,4,2
92,38.6,22,10,4,2
308,56.25,2,10,4,2
30,115.8,4,10,4,1
723,109.8,20,10,4,2
359,56.25,40,10,4,2
214,375,44,10,4,2
52,57.9,9,10,4,2
50,57.9,9,10,4,2
845,18.3,15,10,4,2
56,38.6,21,10,4,2
670,36.6,3,10,4,2
535,109.8,20,10,4,2
517,36.6,11,10,4,2
255,37.5,3,10,4,2
212,37.5,3,10,4,2
490,36.6,3,10,4,2
414,37.5,3,10,4,2
443,18.75,15,10,4,2
149,56.25,2,10,4,2
177,18.75,16,10,4,2
650,36.6,45,10,4,2
807,36.6,22,10,4,2
718,183,34,10,4,2
629,36.6,22,10,4,2
384,112.5,1,10,4,2
384,112.5,1,10,4,2
526,112.5,1,10,4,2
433,112.5,1,10,4,2
431,375,5,10,4,2
582,37.5,3,10,4,2
631,54.9,9,10,4,2
631,54.9,9,10,4,2
86,19.3,15,10,4,2
744,36.6,11,10,4,2
129,37.5,11,10,4,2
59,57.9,9,10,4,2
308,18.75,15,10,4,2
99,19.3,15,10,4,2
51,19.3,15,10,4,2
672,54.9,40,10,4,2
570,54.9,2,10,4,2
160,112.5,4,10,4,2
495,18.3,16,10,4,2
901,106.2,4,10,4,2
456,56.25,33,10,4,2
507,37.5,3,10,4,2
688,18.3,15,10,4,2
668,36.6,22,10,4,2
425,112.5,4,10,4,2
406,37.5,11,10,4,2
191,37.5,11,10,4,2
191,37.5,11,10,4,2
72,154.4,19,10,4,2
861,35.4,3,10,4,2
626,36.6,3,10,4,2
22,115.8,38,10,4,2
265,56.25,2,10,4,2
503,54.9,9,10,4,2
620,54.9,2,10,4,2
642,36.6,21,10,4,2
495,18.3,16,10,4,2
965,17.7,15,10,4,2
965,106.2,4,10,4,2
11,115.8,4,10,4,1
468,18.75,16,10,4,2
819,18.3,15,10,4,2
795,54.9,40,10,4,2
426,18.75,15,10,4,2
945,106.2,20,10,4,2
874,35.4,3,10,4,2
44,19.3,10,10,4,2
636,54.9,46,10,4,2
636,54.9,2,10,4,2
577,54.9,2,10,4,2
533,36.6,12,10,4,2
194,37.5,12,10,4,1
125,56.25,6,10,4,2
104,19.3,16,10,4,1
561,18.3,16,10,4,2
23,19.3,16,10,4,2
23,19.3,16,10,4,2
23,19.3,16,10,4,2
381,56.25,2,10,4,2
358,18.75,15,10,4,2
206,37.5,21,10,4,2
675,115.8,1,10,4,2
995,17.7,16,10,4,2
333,37.5,21,10,4,2
969,177,17,10,4,2
318,56.25,2,10,4,2
169,56.25,9,10,4,2
95,38.6,3,10,4,2
604,54.9,2,10,4,2
64,193,17,10,4,2
79,115.8,4,10,4,1
218,750,18,10,4,2
216,18.75,15,10,4,2
181,18.75,15,10,4,2
146,56.25,2,10,4,2
304,18.75,15,10,4,2
414,37.5,12,10,4,2
381,150,19,10,4,2
367,375,47,10,4,2
533,146.4,8,10,4,2
510,36.6,3,10,4,2
322,37.5,21,10,4,2
237,18.75,16,10,4,2
58,38.6,21,10,4,2
38,19.3,10,10,4,2
815,54.9,2,10,4,2
550,18.3,15,10,4,2
80,38.6,22,10,4,2
842,54.9,2,10,4,2
764,18.3,15,10,4,2
642,36.6,22,10,4,2
602,18.3,15,10,4,2
591,36.6,12,10,4,2
535,36.6,12,10,4,2
117,18.75,15,10,4,2
367,112.5,1,10,4,2
618,36.6,12,10,4,2
458,18.75,15,10,4,2
940,35.4,3,10,4,2
925,35.4,3,10,4,2
743,54.9,2,10,4,2
521,54.9,33,10,4,2
337,37.5,11,10,4,2
119,56.25,9,10,4,2
332,56.25,2,10,4,2
956,53.1,33,10,4,2
46,19.3,10,10,4,2
228,37.5,21,10,4,1
447,37.5,3,10,4,2
90,19.3,15,10,4,2
105,57.9,2,10,4,2
595,36.6,11,10,4,2
446,37.5,11,10,4,2
157,18.75,15,10,4,2
501,109.8,4,10,4,2
51,57.9,9,10,4,2
52,57.9,9,10,4,2
307,18.75,15,10,4,2
202,18.75,15,10,4,2
245,37.5,3,10,4,2
391,112.5,4,10,4,2
390,112.5,4,10,4,2
353,18.75,10,10,4,2
398,56.25,2,10,4,2
294,37.5,3,10,4,2
208,37.5,22,10,4,2
117,18.75,16,10,4,2
110,19.3,16,10,4,2
50,115.8,20,10,4,2
901,17.7,10,10,4,2
877,35.4,11,10,4,2
700,109.8,20,10,4,2
303,37.5,11,10,4,2
396,18.75,16,10,4,2
407,37.5,3,10,4,2
581,54.9,40,10,4,2
517,112.5,1,10,4,2
353,115.8,1,10,4,2
930,106.2,4,10,4,2
93,19.3,15,10,4,2
922,106.2,20,10,4,2
169,56.25,2,10,4,2
169,56.25,2,10,4,2
124,56.25,9,10,4,2
712,36.6,3,10,4,2
648,112.5,1,10,4,2
593,112.5,1,10,4,2
22,19.3,16,10,4,2
465,18.75,16,10,4,2
131,115.8,1,10,4,2
322,112.5,4,10,4,2
393,18.75,10,10,4,2
235,112.5,20,10,4,2
444,18.75,16,10,4,2
317,37.5,22,10,4,2
133,19.3,16,10,4,2
339,37.5,45,10,4,2
16,57.9,2,10,4,2
629,36.6,11,10,4,2
338,37.5,11,10,4,2
49,57.9,9,10,4,2
617,54.9,9,10,4,2
617,54.9,9,10,4,2
616,54.9,9,10,4,2
969,17.7,16,10,4,2
637,37.5,3,10,4,2
878,53.1,27,10,4,2
947,35.4,11,10,4,2
940,35.4,11,10,4,2
817,18.3,15,10,4,2
786,36.6,11,10,4,2
713,36.6,11,10,4,2
282,37.5,11,10,4,2
282,112.5,13,10,4,2
230,37.5,11,10,4,2
621,18.3,16,10,4,2
324,37.5,3,10,4,2
350,375,5,10,4,2
898,17.7,15,10,4,2
111,19.3,15,10,4,2
211,18.75,15,10,4,2
731,109.8,4,10,4,2
483,36.6,3,10,4,2
390,18.75,15,10,4,2
185,37.5,3,10,4,2
124,57.9,2,10,4,2
121,56.25,2,10,4,2
616,36.6,11,10,4,2
647,36.6,3,10,4,2
831,18.3,16,10,4,2
560,36.6,3,10,4,2
22,57.9,2,10,4,2
799,18.3,15,10,4,2
563,18.3,15,10,4,2
450,37.5,22,10,4,2
542,36.6,12,10,4,2
368,56.25,9,10,4,2
486,36.6,3,10,4,2
279,56.25,2,10,4,2
351,18.75,15,10,4,2
168,18.75,16,10,4,2
899,177,17,10,4,2
560,732,18,10,4,2
321,37.5,3,10,4,2
307,56.25,2,10,4,2
292,112.5,4,10,4,2
137,18.75,15,10,4,2
105,57.9,9,10,4,2
594,36.6,11,10,4,2
497,36.6,11,10,4,2
161,18.75,15,10,4,2
233,37.5,11,10,4,2
129,18.75,15,10,4,2
335,112.5,4,10,4,2
140,112.5,4,10,4,2
134,56.25,9,10,4,2
445,18.75,15,10,4,2
91,19.3,15,10,4,2
570,36.6,12,10,4,2
107,115.8,4,10,4,2
79,19.3,15,10,4,2
706,18.3,16,10,4,2
35,19.3,15,10,4,2
214,18.75,15,10,4,2
931,177,17,10,4,2
36,57.9,9,10,4,1
652,36.6,3,10,4,2
844,18.3,15,10,4,2
538,18.3,15,10,4,2
122,56.25,9,10,4,2
786,36.6,21,10,4,2
441,56.25,2,10,4,2
430,18.75,15,10,4,2
498,36.6,11,10,4,2
407,37.5,11,10,4,2
273,37.5,11,10,4,2
427,18.75,16,10,4,2
266,56.25,2,10,4,1
382,37.5,21,10,4,1
319,37.5,21,10,4,1
964,35.4,3,10,4,2
650,18.3,16,10,4,2
12,57.9,2,10,4,2
618,36.6,12,10,4,2
210,18.75,15,10,4,2
688,18.3,16,10,4,2
435,18.75,15,10,4,2
307,18.75,15,10,4,2
195,56.25,2,10,4,2
195,56.25,2,10,4,2
195,56.25,2,10,4,2
79,115.8,4,10,4,2
34,57.9,2,10,4,2
979,53.1,2,10,4,2
979,35.4,3,10,4,2
55,115.8,4,10,4,2
11,57.9,28,10,4,1
79,19.3,15,10,4,2
255,18.75,15,10,4,2
52,57.9,27,10,4,2
709,183,17,10,4,2
240,18.75,15,10,4,2
422,37.5,11,10,4,2
219,18.75,15,10,4,2
195,187.5,17,10,4,2
174,115.8,14,10,4,2
567,18.3,15,10,4,2
148,37.5,22,10,4,2
808,18.3,15,10,4,2
51,19.3,15,10,4,2
78,154.4,8,10,4,2
356,112.5,20,10,4,2
623,54.9,2,10,4,2
524,18.3,15,10,4,2
485,36.6,3,10,4,2
52,19.3,16,10,4,2
20,38.6,3,10,4,2
352,37.5,11,10,4,2
378,112.5,4,10,4,2
668,109.8,4,10,4,2
631,18.3,15,10,4,2
563,18.3,16,10,4,2
526,36.6,12,10,4,2
525,36.6,12,10,4,2
490,36.6,12,10,4,2
703,54.9,2,10,4,2
685,366,26,10,4,2
27,19.3,16,10,4,1
161,375,30,10,4,2
21,19.3,15,10,4,2
153,112.5,4,10,4,2
465,37.5,3,10,4,2
456,37.5,3,10,4,2
337,18.75,16,10,4,2
282,37.5,3,10,4,2
52,193,17,10,4,2
570,36.6,3,10,4,2
24,19.3,15,10,4,2
213,18.75,15,10,4,2
816,36.6,3,10,4,2
363,37.5,3,10,4,2
289,37.5,3,10,4,2
71,193,17,10,4,2
899,53.1,9,10,4,2
557,54.9,9,10,4,2
450,18.75,15,10,4,2
348,37.5,3,10,4,2
304,37.5,3,10,4,1
448,37.5,12,10,4,2
626,36.6,12,10,4,2
311,18.75,10,10,4,2
245,18.75,10,10,4,2
335,112.5,4,10,4,2
49,19.3,15,10,4,2
226,38.6,3,10,4,2
379,19.3,10,10,4,2
720,54.9,2,10,4,2
974,35.4,11,10,4,2
23,57.9,9,10,4,2
177,18.75,15,10,4,2
363,112.5,4,10,4,2
314,18.75,15,10,4,2
295,112.5,4,10,4,2
233,112.5,4,10,4,2
925,53.1,40,10,4,2
618,36.6,12,10,4,2
602,36.6,12,10,4,2
554,36.6,12,10,4,2
546,18.3,15,10,4,2
527,36.6,12,10,4,2
515,18.3,15,10,4,2
360,37.5,12,10,4,2
337,18.75,15,10,4,2
331,37.5,12,10,4,2
216,56.25,2,10,4,2
155,56.25,2,10,4,2
43,115.8,4,10,4,2
596,18.3,15,10,4,2
484,109.8,4,10,4,2
287,18.75,16,10,4,2
253,56.25,40,10,4,2
432,18.75,16,10,4,2
500,36.6,3,10,4,2
814,183,17,10,4,2
579,109.8,4,10,4,2
834,54.9,40,10,4,2
608,109.8,25,10,4,2
499,183,17,10,4,2
258,375,51,10,4,2
101,19.3,15,10,4,2
961,53.1,2,10,4,2
869,17.7,15,10,4,2
560,18.3,15,10,4,2
632,36.6,52,10,4,2
621,36.6,12,10,4,2
536,54.9,2,10,4,2
472,37.5,12,10,4,2
323,18.75,15,10,4,2
58,57.9,33,10,4,2
372,18.75,15,10,4,2
275,18.75,15,10,4,2
118,56.25,9,10,4,2
72,57.9,2,10,4,2
534,54.9,2,10,4,2
154,37.5,3,10,4,2
96,18.75,16,10,4,1
516,36.6,3,10,4,2
465,37.5,12,10,4,2
370,18.75,15,10,4,2
360,112.5,4,10,4,2
359,18.75,15,10,4,2
342,18.75,15,10,4,2
216,37.5,12,10,4,2
25,57.9,9,10,4,1
771,18.3,15,10,4,2
83,19.3,15,10,4,2
398,56.25,9,10,4,2
297,375,44,10,4,2
106,57.9,9,10,4,2
602,37.5,3,10,4,2
225,18.75,16,10,4,2
100,19.3,15,10,4,2
908,17.7,15,10,4,2
896,17.7,15,10,4,2
890,17.7,15,10,4,2
563,18.3,15,10,4,2
362,37.5,21,10,4,2
362,37.5,21,10,4,2
43,19.3,15,10,4,2
16,38.6,22,10,4,2
117,18.75,16,10,4,2
98,19.3,15,10,4,2
28,19.3,15,10,4,2
559,109.8,4,10,4,2
438,56.25,2,10,4,2
675,18.3,15,10,4,2
242,56.25,2,10,4,2
217,18.75,15,10,4,2
99,38.6,21,10,4,2
63,57.9,2,10,4,1
262,18.75,10,10,4,2
129,187.5,17,10,4,2
301,112.5,4,10,4,2
585,36.6,3,10,4,2
248,112.5,1,10,4,2
254,112.5,1,10,4,2
174,56.25,27,10,4,2
746,109.8,4,10,4,2
611,54.9,2,10,4,2
468,37.5,3,10,4,2
339,37.5,22,10,4,2
645,54.9,2,10,4,2
878,177,17,10,4,2
714,18.3,15,10,4,2
459,112.5,20,10,4,2
408,112.5,4,10,4,2
31,57.9,9,10,4,1
112,19.3,16,10,4,2
261,56.25,2,10,4,2
367,18.75,15,10,4,2
313,18.75,15,10,4,2
114,57.9,9,10,4,2
434,112.5,1,10,4,2
431,112.5,1,10,4,2
428,112.5,1,10,4,2
427,112.5,1,10,4,2
426,112.5,1,10,4,2
407,112.5,1,10,4,2
404,112.5,1,10,4,2
402,112.5,1,10,4,2
401,112.5,1,10,4,2
394,112.5,1,10,4,2
394,112.5,1,10,4,2
388,112.5,1,10,4,2
388,112.5,1,10,4,2
278,37.5,3,10,4,2
356,112.5,1,10,4,2
554,112.5,1,10,4,2
376,112.5,1,10,4,2
555,112.5,1,10,4,2
560,112.5,1,10,4,2
562,112.5,1,10,4,2
589,112.5,1,10,4,2
598,112.5,1,10,4,2
296,56.25,27,10,4,2
331,18.75,15,10,4,2
469,112.5,4,10,4,2
432,56.25,2,10,4,2
419,56.25,40,10,4,2
373,18.75,15,10,4,2
348,18.75,15,10,4,2
313,18.75,15,10,4,2
251,112.5,4,10,4,2
269,18.75,16,10,4,2
24,57.9,2,10,4,2
213,18.75,15,10,4,2
188,37.5,22,10,4,2
56,57.9,9,10,4,2
56,115.8,4,10,4,2
517,18.3,15,10,4,2
813,36.6,3,10,4,2
625,36.6,11,10,4,2
207,18.75,10,10,4,2
108,57.9,9,10,4,2
869,17.7,15,10,4,2
961,106.2,4,10,4,2
615,36.6,12,10,4,2
474,37.5,12,10,4,2
107,19.3,15,10,4,1
406,56.25,2,10,4,2
288,37.5,11,10,4,2
859,17.7,15,10,4,2
616,18.3,15,10,4,2
548,18.3,15,10,4,2
375,56.25,2,10,4,2
369,56.25,2,10,4,2
358,56.25,2,10,4,2
343,56.25,2,10,4,2
74,38.6,45,10,4,2
844,183,17,10,4,2
773,54.9,40,10,4,2
660,183,17,10,4,2
574,109.8,13,10,4,2
463,37.5,11,10,4,2
657,18.3,15,10,4,2
552,18.3,15,10,4,2
141,37.5,21,10,4,2
954,177,17,10,4,2
437,112.5,4,10,4,2
364,37.5,3,10,4,2
305,18.75,16,10,4,2
47,57.9,9,10,4,1
402,112.5,4,10,4,2
231,37.5,3,10,4,2
212,56.25,9,10,4,2
55,38.6,22,10,4,2
15,19.3,15,10,4,2
866,35.4,54,10,4,1
244,18.75,16,10,4,1
886,35.4,3,10,4,2
637,18.3,15,10,4,2
520,109.8,4,10,4,2
246,37.5,3,10,4,2
78,19.3,16,10,4,2
580,54.9,9,10,4,2
501,18.3,15,10,4,2
224,112.5,4,10,4,2
96,19.3,15,10,4,2
209,56.25,9,10,4,2
621,36.6,12,10,4,2
622,36.6,12,10,4,2
665,36.6,21,10,4,2
571,54.9,33,10,4,2
459,112.5,4,10,4,2
23,57.9,2,10,4,2
53,19.3,16,10,4,2
682,109.8,4,10,4,2
347,18.75,16,10,4,2
328,56.25,2,10,4,2
41,57.9,2,10,4,2
189,18.75,10,10,4,2
966,35.4,45,10,4,2
108,19.3,15,10,4,2
764,18.3,15,10,4,2
525,54.9,40,10,4,2
87,57.9,2,10,4,2
62,38.6,12,10,4,2
48,38.6,12,10,4,2
21,154.4,55,10,4,2
895,177,17,10,4,2
642,18.3,16,10,4,2
454,56.25,40,10,4,2
430,187.5,17,10,4,2
295,18.75,16,10,4,2
231,37.5,3,10,4,2
931,708,29,10,4,2
763,36.6,12,10,4,2
698,366,26,10,4,2
59,38.6,11,10,4,2
615,18.3,15,10,4,2
102,57.9,2,10,4,2
106,38.6,11,10,4,2
925,35.4,21,10,4,2
911,35.4,3,10,4,2
610,36.6,3,10,4,2
548,36.6,22,10,4,2
436,37.5,3,10,4,2
23,19.3,15,10,4,2
649,54.9,2,10,4,2
152,37.5,21,10,4,2
95,57.9,2,10,4,2
728,36.6,11,10,4,2
716,36.6,11,10,4,2
820,18.3,15,10,4,2
638,54.9,2,10,4,2
196,37.5,12,10,4,2
237,750,56,10,4,2
42,57.9,2,10,4,2
619,36.6,12,10,4,2
525,36.6,12,10,4,2
325,56.25,2,10,4,2
336,112.5,4,10,4,2
644,36.6,11,10,4,2
570,18.3,15,10,4,2
331,37.5,21,10,4,2
52,38.6,21,10,4,2
414,18.75,16,10,4,2
146,56.25,2,10,4,2
581,36.6,11,10,4,1
590,18.3,15,10,4,2
533,109.8,4,10,4,2
127,56.25,2,10,4,2
58,19.3,16,10,4,2
133,112.5,4,10,4,2
774,18.3,15,10,4,2
92,19.3,15,10,4,2
616,109.8,4,10,4,2
577,36.6,49,10,4,2
129,18.75,15,10,4,2
701,36.6,22,10,4,2
891,106.2,4,10,4,1
141,112.5,25,10,4,2
90,19.3,16,10,4,2
141,57.9,2,10,4,2
513,36.6,3,10,4,2
815,183,17,10,4,2
620,183,17,10,4,2
444,18.75,15,10,4,2
62,193,17,10,4,2
364,112.5,4,10,4,2
92,19.3,15,10,4,2
771,18.3,15,10,4,2
691,18.3,15,10,4,2
525,36.6,11,10,4,2
93,19.3,15,10,4,2
550,183,17,10,4,2
644,109.8,4,10,4,2
441,18.75,15,10,4,2
367,56.25,2,10,4,2
50,57.9,2,10,4,2
967,106.2,4,10,4,2
253,375,51,10,4,2
66,57.9,2,10,4,2
338,112.5,4,10,4,2
99,57.9,9,10,4,2
90,19.3,15,10,4,2
50,57.9,9,10,4,2
492,112.5,20,10,4,2
925,17.7,15,10,4,2
612,36.6,12,10,4,2
570,36.6,12,10,4,2
546,109.8,4,10,4,2
513,36.6,12,10,4,2
503,36.6,12,10,4,2
489,36.6,12,10,4,2
469,37.5,12,10,4,2
457,37.5,12,10,4,2
438,56.25,2,10,4,2
435,37.5,12,10,4,2
430,37.5,12,10,4,2
371,18.75,15,10,4,2
367,18.75,15,10,4,2
367,18.75,15,10,4,2
324,56.25,2,10,4,2
221,187.5,17,10,4,2
637,36.6,3,10,4,2
41,38.6,21,10,4,2
632,54.9,9,10,4,2
623,36.6,12,10,4,2
610,36.6,12,10,4,2
545,54.9,2,10,4,2
545,109.8,4,10,4,2
522,109.8,4,10,4,2
520,36.6,12,10,4,2
425,37.5,12,10,4,2
413,18.75,15,10,4,2
410,37.5,12,10,4,2
359,18.75,15,10,4,2
226,37.5,12,10,4,2
746,36.6,11,10,4,2
719,109.8,13,10,4,2
567,183,17,10,4,2
251,187.5,17,10,4,2
200,18.75,15,10,4,2
616,36.6,11,10,4,2
519,109.8,20,10,4,2
500,18.3,16,10,4,2
344,187.5,17,10,4,2
31,19.3,15,10,4,2
369,56.25,2,10,4,2
113,57.9,2,10,4,2
24,57.9,9,10,4,2
683,18.3,16,10,4,2
654,18.3,15,10,4,2
407,37.5,41,10,4,2
518,18.3,15,10,4,2
260,18.75,15,10,4,2
216,18.75,15,10,4,2
104,57.9,33,10,4,2
400,112.5,4,10,4,2
660,54.9,9,10,4,2
596,18.3,16,10,4,2
609,109.8,20,10,4,1
335,18.75,15,10,4,2
201,37.5,3,10,4,2
639,18.3,15,10,4,2
819,18.3,15,10,4,2
112,193,17,10,4,2
686,36.6,3,10,4,2
691,183,34,10,4,2
52,57.9,9,10,4,2
946,35.4,3,10,4,2
622,18.3,15,10,4,2
313,112.5,1,10,4,2
382,37.5,11,10,4,2
259,112.5,14,10,4,2
394,37.5,11,10,4,2
729,36.6,52,10,4,2
995,35.4,22,10,4,2
86,57.9,9,10,4,2
651,54.9,2,10,4,2
436,56.25,2,10,4,2
427,18.75,15,10,4,2
373,56.25,2,10,4,2
460,18.75,15,10,4,2
30,19.3,15,10,4,2
28,19.3,16,10,4,2
823,177,43,10,4,2
346,56.25,40,10,4,2
52,19.3,16,10,4,1
182,112.5,14,10,4,2
181,18.75,15,10,4,2
182,112.5,14,10,4,2
404,37.5,3,10,4,2
57,19.3,15,10,4,2
50,19.3,15,10,4,2
170,56.25,9,10,4,2
51,57.9,9,10,4,2
24,115.8,25,10,4,2
518,109.8,4,10,4,2
925,17.7,15,10,4,2
888,17.7,16,10,4,2
185,18.75,16,10,4,2
251,37.5,11,10,4,1
78,57.9,2,10,4,1
645,36.6,11,10,4,2
288,37.5,11,10,4,2
342,112.5,4,10,4,2
197,187.5,17,10,4,2
687,18.3,15,10,4,2
555,18.3,15,10,4,2
236,37.5,3,10,4,2
87,38.6,22,10,4,1
696,36.6,11,10,4,2
21,19.3,15,10,4,1
28,57.9,9,10,4,2
209,56.25,9,10,4,2
931,106.2,4,10,4,2
511,18.3,15,10,4,2
815,36.6,11,10,4,2
42,38.6,21,10,4,2
887,177,17,10,4,2
425,112.5,1,10,4,2
335,115.8,1,10,4,2
333,115.8,1,10,4,2
334,115.8,1,10,4,2
396,115.8,1,10,4,2
413,112.5,20,10,4,2
400,112.5,25,10,4,2
386,112.5,4,10,4,2
18,38.6,21,10,4,2
87,38.6,41,10,4,2
566,732,18,10,4,2
521,112.5,1,10,4,2
438,37.5,3,10,4,2
350,375,5,10,4,2
54,19.3,15,10,4,2
178,37.5,21,10,4,2
638,18.3,15,10,4,2
623,36.6,12,10,4,2
618,54.9,40,10,4,2
589,54.9,2,10,4,2
426,18.75,16,10,4,2
187,56.25,2,10,4,2
182,18.75,16,10,4,2
136,187.5,17,10,4,2
302,56.25,2,10,4,2
693,19.3,16,10,4,2
103,19.3,15,10,4,2
72,193,17,10,4,2
252,18.75,10,10,4,2
697,36.6,12,10,4,2
681,54.9,2,10,4,2
539,36.6,12,10,4,2
457,37.5,12,10,4,2
435,56.25,9,10,4,2
353,37.5,12,10,4,2
504,18.3,16,10,4,2
77,19.3,15,10,4,2
186,115.8,1,10,4,2
961,177,34,10,4,2
770,366,26,10,4,2
211,56.25,9,10,4,2
98,57.9,2,10,4,2
97,57.9,9,10,4,2
706,36.6,49,10,4,2
792,54.9,2,10,4,2
249,112.5,1,10,4,2
499,112.5,1,10,4,2
60,38.6,3,10,4,2
204,18.75,15,10,4,1
204,112.5,25,10,4,2
477,18.75,15,10,4,2
315,18.75,10,10,4,2
358,18.75,16,10,4,2
459,112.5,4,10,4,2
990,53.1,37,10,4,2
619,18.3,15,10,4,1
582,36.6,22,10,4,2
153,56.25,9,10,4,2
92,19.3,15,10,4,2
937,177,43,10,4,2
385,37.5,3,10,4,2
940,53.1,2,10,4,2
922,106.2,4,10,4,2
892,106.2,4,10,4,2
668,36.6,3,10,4,2
547,18.3,15,10,4,2
479,18.3,15,10,4,2
49,38.6,3,10,4,2
38,57.9,28,10,4,2
21,57.9,28,10,4,2
62,57.9,9,10,4,2
937,354,26,10,4,2
967,35.4,3,10,4,2
736,54.9,40,10,4,2
568,36.6,11,10,4,2
521,36.6,11,10,4,2
448,37.5,11,10,4,2
973,35.4,11,10,4,2
358,18.75,16,10,4,2
39,115.8,4,10,4,2
436,187.5,17,10,4,2
374,37.5,3,10,4,2
355,56.25,40,10,4,2
26,57.9,2,10,4,1
591,18.3,15,10,4,2
264,18.75,15,10,4,2
147,18.75,15,10,4,2
797,18.3,15,10,4,2
919,17.7,16,10,4,2
810,54.9,2,10,4,2
807,54.9,2,10,4,2
777,18.3,15,10,4,2
980,53.1,2,10,4,2
973,106.2,4,10,4,2
154,187.5,17,10,4,2
623,54.9,2,10,4,2
615,36.6,12,10,4,2
562,54.9,2,10,4,2
554,36.6,12,10,4,2
468,37.5,12,10,4,2
464,37.5,12,10,4,2
329,56.25,2,10,4,2
128,56.25,2,10,4,2
123,18.75,16,10,4,2
123,18.75,16,10,4,2
123,18.75,16,10,4,2
14,38.6,12,10,4,2
486,36.6,11,10,4,2
217,37.5,39,10,4,2
51,57.9,9,10,4,2
314,37.5,21,10,4,2
304,18.75,10,10,4,2
253,18.75,10,10,4,2
226,112.5,20,10,4,2
214,112.5,20,10,4,2
168,187.5,17,10,4,2
91,38.6,21,10,4,2
59,19.3,16,10,4,1
643,36.6,3,10,4,2
638,36.6,3,10,4,2
625,18.3,15,10,4,2
584,18.3,16,10,4,2
458,18.75,15,10,4,2
434,18.75,15,10,4,2
415,37.5,3,10,4,2
366,37.5,3,10,4,2
366,37.5,3,10,4,2
206,37.5,21,10,4,2
47,19.3,15,10,4,2
972,53.1,2,10,4,2
972,106.2,4,10,4,2
702,18.3,16,10,4,2
466,37.5,3,10,4,2
67,57.9,2,10,4,2
574,36.6,11,10,4,2
529,36.6,12,10,4,2
339,112.5,4,10,4,2
54,19.3,15,10,4,2
448,18.75,15,10,4,2
354,112.5,4,10,4,2
246,18.75,15,10,4,2
14,19.3,15,10,4,2
644,36.6,11,10,4,2
92,19.3,16,10,4,2
338,187.5,17,10,4,2
201,112.5,20,10,4,2
629,36.6,11,10,4,2
504,36.6,11,10,4,2
462,37.5,11,10,4,2
392,37.5,11,10,4,2
304,37.5,11,10,4,2
998,35.4,11,10,4,2
632,36.6,11,10,4,2
134,56.25,9,10,4,2
897,53.1,2,10,4,2
833,18.3,15,10,4,2
746,18.3,58,10,4,2
509,109.8,4,10,4,2
222,187.5,17,10,4,2
898,17.7,10,10,4,2
299,112.5,1,10,4,2
442,37.5,11,10,4,2
135,37.5,3,10,4,2
131,57.9,2,10,4,2
94,57.9,2,10,4,2
895,177,34,10,4,2
667,18.3,15,10,4,2
525,36.6,12,10,4,2
485,54.9,2,10,4,2
262,56.25,2,10,4,2
160,37.5,12,10,4,2
123,18.75,15,10,4,2
22,19.3,15,10,4,2
425,18.75,15,10,4,2
268,18.75,15,10,4,2
196,37.5,21,10,4,2
821,54.9,2,10,4,2
791,54.9,9,10,4,2
737,109.8,4,10,4,2
517,36.6,12,10,4,2
514,36.6,21,10,4,2
509,109.8,4,10,4,2
507,36.6,12,10,4,2
504,36.6,21,10,4,2
503,36.6,12,10,4,2
475,37.5,12,10,4,2
463,56.25,2,10,4,2
351,18.75,15,10,4,2
609,183,17,10,4,2
308,187.5,17,10,4,2
407,37.5,11,10,4,2
349,37.5,11,10,4,2
343,37.5,11,10,4,2
569,109.8,4,10,4,2
295,18.75,16,10,4,2
45,57.9,2,10,4,2
44,57.9,9,10,4,2
556,54.9,40,10,4,2
510,183,17,10,4,2
838,34,52,10,4,2
329,37.5,11,10,4,2
290,18.75,15,10,4,2
189,56.25,2,10,4,2
804,36.6,3,10,4,2
761,54.9,2,10,4,2
747,18.3,15,10,4,2
947,106.2,4,10,4,2
539,146.4,19,10,4,2
7,19.3,15,10,4,1
546,18.3,15,10,4,2
541,18.3,15,10,4,2
945,708,18,10,4,2
198,18.75,16,10,4,2
198,18.75,16,10,4,2
268,187.5,17,10,4,2
88,57.9,40,10,4,2
814,36.6,11,10,4,2
29,57.9,9,10,4,2
23,115.8,32,10,4,2
270,112.5,1,10,4,2
597,54.9,33,10,4,2
563,109.8,4,10,4,2
303,56.25,2,10,4,2
641,18.3,16,10,4,2
507,183,17,10,4,2
281,112.5,20,10,4,2
45,154.4,8,10,4,2
73,38.6,22,10,4,2
303,56.25,33,10,4,2
119,56.25,9,10,4,2
492,36.6,3,10,4,2
360,37.5,45,10,4,2
905,106.2,25,10,4,2
358,18.75,15,10,4,2
233,112.5,4,10,4,1
377,187.5,17,10,4,2
54,57.9,40,10,4,1
673,18.3,16,10,4,2
244,37.5,3,10,4,2
952,106.2,48,10,4,2
31,38.6,11,10,4,2
322,112.5,20,10,4,2
133,112.5,32,10,4,2
317,112.5,4,10,4,2
964,35.4,41,10,4,2
146,112.5,20,10,4,2
65,19.3,15,10,4,2
23,57.9,9,10,4,2
416,375,5,10,4,2
102,19.3,16,10,4,2
564,36.6,3,10,4,2
250,115.8,1,10,4,2
28,19.3,15,10,4,2
503,109.8,4,10,4,1
334,37.5,11,10,4,2
130,57.9,9,10,4,2
893,35.4,22,10,4,2
769,36.6,3,10,4,2
234,37.5,3,10,4,2
241,112.5,4,10,4,2
149,18.75,16,10,4,2
407,37.5,21,10,4,2
631,183,34,10,4,2
664,18.3,16,10,4,2
263,112.5,4,10,4,2
883,177,34,10,4,2
210,18.75,15,10,4,2
630,54.9,2,10,4,2
536,36.6,45,10,4,2
246,187.5,17,10,4,2
211,56.25,9,10,4,2
93,115.8,32,10,4,2
135,56.25,9,10,4,2
804,18.3,16,10,4,1
381,18.75,16,10,4,1
48,19.3,16,10,4,1
462,37.5,3,10,4,2
132,56.25,9,10,4,2
65,19.3,15,10,4,2
968,35.4,11,10,4,2
665,146.4,19,10,4,2
28,19.3,16,10,4,2
195,115.8,1,10,4,1
436,187.5,17,10,4,2
24,19.3,15,10,4,2
410,37.5,11,10,4,2
456,18.75,15,10,4,2
841,109.8,20,10,4,2
311,18.75,10,10,4,2
410,37.5,3,10,4,2
767,18.3,15,10,4,2
745,18.3,15,10,4,2
680,18.3,15,10,4,2
467,37.5,22,10,4,2
419,56.25,40,10,4,2
157,18.75,15,10,4,2
946,708,18,10,4,2
690,18.3,16,10,4,2
254,18.75,15,10,4,2
495,112.5,1,10,4,2
225,38.6,3,10,4,2
418,37.5,3,10,4,2
240,37.5,11,10,4,2
160,187.5,17,10,4,2
639,54.9,33,10,4,2
905,177,60,10,4,2
567,36.6,3,10,4,2
727,183,17,10,4,2
356,18.75,16,10,4,2
303,56.25,40,10,4,2
608,183,17,10,4,2
14,57.9,2,10,4,2
541,18.3,16,10,4,2
22,19.3,15,10,4,2
340,18.75,15,10,4,2
380,112.5,4,10,4,2
49,57.9,2,10,4,1
825,34,11,10,4,2
484,18.3,15,10,4,2
328,37.5,11,10,4,2
676,18.3,15,10,4,2
952,53.1,27,10,4,2
975,17.7,15,10,4,2
180,115.8,1,10,4,2
285,115.8,1,10,4,2
227,115.8,1,10,4,2
526,18.3,10,10,4,2
251,150,19,10,4,2
468,150,19,10,4,2
925,17.7,15,10,4,2
273,18.75,15,10,4,2
146,150,8,10,4,2
126,38.6,11,10,4,2
686,36.6,12,10,4,2
682,109.8,48,10,4,2
93,19.3,10,10,4,2
679,36.6,12,10,4,2
565,36.6,12,10,4,2
563,36.6,12,10,4,2
545,54.9,2,10,4,2
344,386,35,10,4,2
429,37.5,11,10,4,2
160,112.5,4,10,4,2
251,37.5,3,10,4,2
67,19.3,15,10,4,2
364,112.5,4,10,4,2
785,36.6,12,10,4,2
621,36.6,12,10,4,2
527,36.6,12,10,4,2
477,18.75,15,10,4,2
197,56.25,2,10,4,2
85,57.9,2,10,4,2
74,57.9,2,10,4,2
647,18.3,15,10,4,2
620,54.9,2,10,4,2
129,18.75,15,10,4,2
563,54.9,50,10,4,2
573,54.9,40,10,4,2
960,53.1,2,10,4,2
596,18.3,15,10,4,2
284,37.5,3,10,4,2
546,109.8,20,10,4,2
142,57.9,9,10,4,2
915,17.7,15,10,4,2
139,37.5,3,10,4,2
134,56.25,9,10,4,2
590,36.6,12,10,4,2
287,56.25,2,10,4,2
225,56.25,2,10,4,2
192,37.5,22,10,4,2
192,37.5,22,10,4,2
127,18.75,16,10,4,2
490,37.5,3,10,4,2
644,36.6,11,10,4,2
951,106.2,4,10,4,2
347,18.75,15,10,4,2
363,37.5,11,10,4,2
44,57.9,9,10,4,1
340,37.5,21,10,4,2
594,18.3,15,10,4,2
591,36.6,3,10,4,2
308,56.25,2,10,4,2
119,37.5,22,10,4,2
359,115.8,1,10,4,2
974,17.7,15,10,4,2
28,57.9,9,10,4,2
637,109.8,4,10,4,2
345,112.5,4,10,4,2
730,18.3,58,10,4,2
803,109.8,4,10,4,2
11,19.3,16,10,4,2
22,115.8,25,10,4,2
930,53.1,33,10,4,2
24,57.9,28,10,4,2
686,18.3,15,10,4,2
551,18.3,15,10,4,2
138,18.75,15,10,4,2
21,38.6,21,10,4,2
560,18.3,15,10,4,2
527,18.3,16,10,4,2
293,112.5,4,10,4,2
75,19.3,16,10,4,2
90,19.3,16,10,4,2
809,36.6,21,10,4,2
813,54.9,40,10,4,2
731,112.5,4,10,4,2
154,18.75,15,10,4,2
621,54.9,2,10,4,2
608,109.8,4,10,4,2
28,19.3,15,10,4,2
929,53.1,2,10,4,2
916,354,26,10,4,2
903,35.4,22,10,4,2
811,54.9,2,10,4,2
691,54.9,2,10,4,2
680,54.9,2,10,4,2
673,109.8,4,10,4,2
717,54.9,2,10,4,2
580,36.6,3,10,4,2
469,37.5,12,10,4,2
464,37.5,12,10,4,2
449,37.5,12,10,4,2
443,37.5,12,10,4,2
405,37.5,12,10,4,2
363,37.5,12,10,4,2
363,56.25,2,10,4,2
349,37.5,12,10,4,2
980,17.7,15,10,4,2
792,18.3,16,10,4,2
470,56.25,40,10,4,2
438,56.25,2,10,4,2
347,37.5,22,10,4,2
129,57.9,40,10,4,2
848,53.1,2,10,4,2
752,18.3,16,10,4,2
42,57.9,9,10,4,2
22,38.6,22,10,4,2
339,37.5,3,10,4,2
290,18.75,62,10,4,2
290,375,30,10,4,2
686,109.8,4,10,4,2
414,112.5,20,10,4,2
216,112.5,25,10,4,2
185,112.5,4,10,4,2
13,0,56,10,4,2
21,19.3,16,10,4,2
776,18.3,10,10,4,2
388,112.5,14,10,4,2
168,37.5,11,10,4,2
93,19.3,15,10,4,2
246,18.75,15,10,4,2
642,109.8,4,10,4,2
947,106.2,25,10,4,2
901,177,17,10,4,2
802,18.3,16,10,4,2
598,183,17,10,4,2
329,37.5,21,10,4,2
952,17.7,16,10,4,2
514,18.3,15,10,4,2
331,18.75,15,10,4,2
44,57.9,9,10,4,1
315,18.75,15,10,4,2
690,36.6,3,10,4,2
119,56.25,9,10,4,2
455,37.5,21,10,4,2
443,37.5,54,10,4,2
41,19.3,15,10,4,2
86,19.3,15,10,4,2
223,115.8,1,10,4,2
359,112.5,4,10,4,2
672,18.3,16,10,4,2
577,54.9,2,10,4,2
202,56.25,2,10,4,2
23,57.9,2,10,4,2
388,112.5,1,10,4,2
561,18.3,10,10,4,2
311,18.75,15,10,4,2
884,35.4,11,10,4,2
642,36.6,11,10,4,2
100,154.4,8,10,4,2
100,154.4,8,10,4,2
100,154.4,8,10,4,2
283,37.5,3,10,4,2
248,112.5,1,10,4,2
235,18.75,15,10,4,2
506,36.6,3,10,4,2
169,115.8,1,10,4,2
242,386,5,10,4,2
850,35.4,21,10,4,2
596,18.3,16,10,4,2
519,109.8,13,10,4,2
218,37.5,11,10,4,2
131,56.25,9,10,4,2
108,57.9,9,10,4,2
310,37.5,11,10,4,2
240,37.5,11,10,4,2
199,150,19,10,4,2
52,57.9,2,10,4,2
197,37.5,11,10,4,2
888,17.7,15,10,4,2
16,19.3,15,10,4,1
93,115.8,4,10,4,2
22,57.9,9,10,4,2
932,106.2,4,10,4,2
48,57.9,2,10,4,2
254,18.75,15,10,4,1
62,57.9,2,10,4,1
383,150,19,10,4,2
314,112.5,20,10,4,2
298,18.75,15,10,4,2
372,18.75,10,10,4,2
567,36.6,21,10,4,2
475,36.6,11,10,4,1
601,37.5,3,10,4,2
763,109.8,20,10,4,2
451,112.5,4,10,4,2
92,57.9,2,10,4,2
80,57.9,27,10,4,2
157,112.5,4,10,4,2
109,57.9,6,10,4,2
892,17.7,15,10,4,2
636,183,17,10,4,2
553,54.9,2,10,4,2
553,36.6,3,10,4,2
534,183,17,10,4,2
445,18.75,16,10,4,2
394,187.5,17,10,4,2
344,18.75,15,10,4,2
278,37.5,3,10,4,2
278,37.5,3,10,4,2
191,37.5,21,10,4,2
974,17.7,15,10,4,2
696,18.3,16,10,4,2
495,18.3,15,10,4,2
935,35.4,3,10,4,2
317,18.75,15,10,4,2
347,150,19,10,4,2
313,37.5,3,10,4,2
129,56.25,9,10,4,2
29,19.3,16,10,4,1
891,53.1,2,10,4,2
806,18.3,15,10,4,2
720,54.9,2,10,4,2
672,18.3,15,10,4,2
152,37.5,21,10,4,2
205,18.75,16,10,4,2
295,18.75,16,10,4,2
281,37.5,11,10,4,2
155,56.25,9,10,4,2
492,54.9,2,10,4,2
477,37.5,12,10,4,2
206,37.5,12,10,4,2
463,112.5,13,10,4,2
385,38.6,3,10,4,2
895,17.7,15,10,4,2
576,36.6,11,10,4,2
334,37.5,11,10,4,2
399,18.75,15,10,4,2
567,18.3,15,10,4,2
945,17.7,15,10,4,2
24,57.9,40,10,4,2
94,38.6,3,10,4,2
343,18.75,16,10,4,2
338,112.5,20,10,4,2
908,17.7,15,10,4,2
800,54.9,2,10,4,2
737,18.3,15,10,4,2
686,18.3,15,10,4,2
330,37.5,3,10,4,2
315,56.25,6,10,4,2
962,35.4,21,10,4,2
268,37.5,3,10,4,2
178,18.75,15,10,4,2
785,36.6,12,10,4,2
668,54.9,2,10,4,2
640,18.3,15,10,4,2
317,37.5,11,10,4,2
773,109.8,20,10,4,2
542,18.3,10,10,4,2
477,112.5,20,10,4,2
373,18.75,10,10,4,2
309,112.5,20,10,4,2
46,19.3,16,10,4,2
148,18.75,15,10,4,2
92,19.3,16,10,4,2
673,18.3,10,10,4,2
178,112.5,4,10,4,2
216,112.5,14,10,4,2
718,54.9,2,10,4,2
699,112.5,4,10,4,2
439,37.5,12,10,4,2
406,187.5,17,10,4,2
119,37.5,22,10,4,2
58,19.3,16,10,4,2
43,19.3,58,10,4,2
438,112.5,20,10,4,2
944,35.4,3,10,4,2
71,19.3,16,10,4,2
932,17.7,16,10,4,2
888,35.4,63,10,4,2
715,36.6,11,10,4,2
499,36.6,11,10,4,2
332,112.5,20,10,4,2
156,37.5,11,10,4,2
121,56.25,9,10,4,2
579,36.6,11,10,4,1
447,37.5,11,10,4,1
191,37.5,3,10,4,2
21,115.8,20,10,4,2
421,37.5,3,10,4,2
315,112.5,4,10,4,2
615,36.6,3,10,4,2
367,37.5,3,10,4,2
278,112.5,4,10,4,2
85,38.6,3,10,4,2
527,18.3,15,10,4,2
484,183,17,10,4,2
450,18.75,16,10,4,2
450,18.75,16,10,4,2
131,18.75,15,10,4,2
169,56.25,9,10,4,2
22,115.8,38,10,4,2
197,18.75,64,10,4,2
801,36.6,3,10,4,2
235,18.75,15,10,4,2
802,18.3,16,10,4,2
798,18.3,15,10,4,2
966,106.2,4,10,4,2
450,18.75,15,10,4,2
234,37.5,21,10,4,1
356,18.75,15,10,4,2
240,187.5,17,10,4,2
958,17.7,15,10,4,2
789,18.3,15,10,4,2
768,18.3,16,10,4,2
584,36.6,39,10,4,2
572,54.9,2,10,4,2
542,109.8,4,10,4,2
422,56.25,2,10,4,2
373,18.75,15,10,4,2
372,37.5,21,10,4,2
485,732,18,10,4,2
437,56.25,2,10,4,2
516,112.5,1,10,4,2
873,112.5,1,10,4,2
308,112.5,1,10,4,2
937,187.5,43,10,4,2
862,37.5,3,10,4,2
346,56.25,9,10,4,2
904,106.2,4,10,4,2
391,37.5,21,10,4,2
132,56.25,9,10,4,2
974,17.7,15,10,4,2
976,35.4,3,10,4,2
976,35.4,3,10,4,2
286,18.75,15,10,4,2
493,18.3,16,10,4,2
311,18.75,10,10,4,2
81,57.9,9,10,4,2
517,18.3,15,10,4,2
90,19.3,15,10,4,1
240,37.5,21,10,4,2
599,18.3,16,10,4,2
255,18.75,10,10,4,2
218,37.5,21,10,4,2
92,19.3,15,10,4,2
853,17.7,15,10,4,2
530,109.8,4,10,4,1
471,37.5,22,10,4,2
589,36.6,21,10,4,2
387,37.5,22,10,4,2
54,19.3,16,10,4,1
399,187.5,17,10,4,2
937,17.7,16,10,4,2
399,18.75,10,10,4,2
552,36.6,21,10,4,2
295,18.75,10,10,4,2
567,54.9,40,10,4,2
222,18.75,16,10,4,2
594,36.6,11,10,4,2
433,56.25,2,10,4,2
55,193,17,10,4,2
341,56.25,2,10,4,2
309,18.75,15,10,4,2
303,56.25,40,10,4,2
227,56.25,9,10,4,2
720,36.6,11,10,4,2
898,177,17,10,4,2
667,54.9,2,10,4,2
377,37.5,41,10,4,2
247,750,18,10,4,2
229,18.75,15,10,4,2
493,37.5,3,10,4,2
450,37.5,3,10,4,2
426,56.25,7,10,4,2
99,57.9,2,10,4,1
269,18.75,16,10,4,2
129,18.75,15,10,4,2
603,109.8,4,10,4,2
468,112.5,4,10,4,2
312,112.5,4,10,4,2
622,732,18,10,4,2
50,57.9,9,10,4,2
569,183,17,10,4,2
498,36.6,11,10,4,2
351,37.5,11,10,4,2
637,112.5,20,10,4,2
902,177,34,10,4,2
600,109.8,4,10,4,2
940,106.2,20,10,4,2
530,109.8,20,10,4,2
279,18.75,16,10,4,2
232,112.5,4,10,4,2
149,112.5,20,10,4,2
90,19.3,16,10,4,2
295,37.5,11,10,4,2
151,18.75,58,10,4,2
401,37.5,21,10,4,2
56,772,23,10,4,2
736,109.8,4,10,4,2
468,37.5,3,10,4,2
85,38.6,21,10,4,2
911,106.2,20,10,4,2
728,36.6,11,10,4,2
591,36.6,11,10,4,2
498,36.6,11,10,4,2
392,37.5,11,10,4,2
832,54.9,2,10,4,2
733,36.6,21,10,4,2
491,183,17,10,4,2
350,37.5,3,10,4,2
108,38.6,21,10,4,2
99,38.6,3,10,4,2
96,57.9,2,10,4,2
241,18.75,16,10,4,2
791,109.8,4,10,4,2
639,54.9,9,10,4,2
84,57.9,9,10,4,2
157,18.75,16,10,4,2
319,112.5,20,10,4,2
417,37.5,22,10,4,2
700,36.6,11,10,4,2
671,36.6,11,10,4,2
484,36.6,11,10,4,2
53,19.3,15,10,4,2
31,19.3,15,10,4,2
31,57.9,9,10,4,2
849,106.2,4,10,4,2
622,36.6,11,10,4,2
622,36.6,11,10,4,2
244,187.5,17,10,4,2
390,37.5,3,10,4,2
814,109.8,4,10,4,2
568,183,17,10,4,2
568,54.9,2,10,4,2
400,37.5,41,10,4,2
357,37.5,3,10,4,2
323,37.5,41,10,4,2
323,187.5,17,10,4,2
974,35.4,41,10,4,2
113,115.8,20,10,4,2
45,57.9,9,10,4,2
28,19.3,16,10,4,2
497,18.3,16,10,4,2
164,56.25,9,10,4,2
58,38.6,3,10,4,2
24,19.3,16,10,4,2
81,115.8,20,10,4,2
944,17.7,16,10,4,2
657,18.3,16,10,4,2
23,57.9,9,10,4,2
779,18.3,16,10,4,2
715,109.8,4,10,4,2
618,18.3,10,10,4,2
24,19.3,15,10,4,2
397,37.5,41,10,4,2
157,37.5,21,10,4,2
212,37.5,21,10,4,2
148,56.25,9,10,4,2
146,37.5,21,10,4,2
187,115.8,1,10,4,2
185,115.8,1,10,4,2
275,115.8,1,10,4,2
264,115.8,1,10,4,2
187,115.8,1,10,4,2
203,112.5,20,10,4,2
450,18.75,15,10,4,2
816,18.3,16,10,4,2
92,115.8,4,10,4,2
498,36.6,11,10,4,2
73,19.3,15,10,4,2
967,35.4,21,10,4,2
967,35.4,3,10,4,2
453,37.5,12,10,4,2
358,18.75,15,10,4,2
647,36.6,3,10,4,2
527,36.6,22,10,4,2
888,17.7,15,10,4,2
884,17.7,15,10,4,2
527,18.3,15,10,4,2
330,18.75,15,10,4,2
249,37.5,12,10,4,2
974,17.7,15,10,4,2
24,57.9,9,10,4,2
956,35.4,21,10,4,2
528,112.5,20,10,4,1
771,18.3,16,11,4,2
358,112.5,4,11,4,2
462,56.25,33,11,4,2
42,38.6,22,11,4,1
365,18.75,10,11,4,2
77,19.3,16,11,4,2
17,115.8,20,11,4,2
263,18.75,10,11,4,2
81,38.6,3,11,4,1
81,115.8,4,11,4,2
120,150,8,11,4,2
198,112.5,20,11,4,2
94,57.9,40,12,4,2
102,57.9,2,12,4,2
160,18.75,16,12,4,2
111,115.8,20,12,4,2
275,112.5,1,12,4,2
268,112.5,1,12,4,2
262,375,5,12,4,2
258,112.5,1,12,4,2
255,112.5,1,12,4,2
254,112.5,1,12,4,2
248,112.5,1,12,4,2
236,112.5,1,12,4,2
197,112.5,1,12,4,2
139,112.5,1,12,4,2
137,112.5,1,12,4,2
69,115.8,1,12,4,2
42,115.8,1,12,4,2
572,36.6,3,12,4,2
559,109.8,20,12,4,2
605,36.6,3,12,4,2
603,36.6,3,12,4,2
22,57.9,2,12,4,2
647,36.6,3,12,4,2
658,18.3,16,13,4,2
535,18.3,10,13,4,2
900,106.2,20,13,4,2
472,18.75,16,13,4,2
102,57.9,2,13,4,2
352,37.5,3,13,4,2
534,36.6,3,13,4,2
445,112.5,20,13,4,2
657,109.8,4,14,4,2
359,112.5,4,14,4,2
449,37.5,3,14,4,2
43,57.9,33,14,4,2
185,375,30,14,4,2
633,109.8,4,14,4,2
550,109.8,20,14,4,2
385,112.5,25,14,4,2
258,112.5,4,14,4,2
213,56.25,7,14,4,2
135,112.5,1,14,4,2
392,37.5,3,14,4,2
815,109.8,20,14,4,2
969,17.7,16,14,4,2
87,38.6,3,14,4,2
694,109.8,25,14,4,2
43,19.3,16,14,4,2
317,18.75,16,14,4,2
283,37.5,3,14,4,2
940,35.4,3,14,4,2
160,112.5,1,15,4,2
418,375,26,15,4,2
844,109.8,20,15,4,2
798,109.8,4,15,4,2
354,112.5,4,15,4,2
352,112.5,20,15,4,2
304,18.75,10,15,4,2
791,36.6,3,15,4,2
960,35.4,3,15,4,2
35,19.3,16,15,4,1
267,18.75,16,15,4,1
205,375,30,16,4,2
52,38.6,22,16,4,2
646,109.8,20,16,4,2
809,109.8,4,16,4,2
550,36.6,3,16,4,2
452,37.5,3,16,4,2
997,35.4,3,16,4,2
325,112.5,1,16,4,2
290,112.5,1,16,4,2
260,112.5,1,16,4,2
255,112.5,1,16,4,2
251,112.5,1,16,4,2
249,112.5,1,16,4,2
91,115.8,1,16,4,2
213,112.5,20,17,4,2
875,106.2,48,17,4,2
542,18.3,16,17,4,2
365,375,30,17,4,2
808,109.8,20,17,4,2
855,106.2,20,17,4,2
490,36.6,3,17,4,2
644,109.8,20,17,4,2
926,17.7,10,17,4,2
405,37.5,3,17,4,2
296,112.5,1,17,4,2
914,35.4,3,17,4,2
826,54.9,9,17,4,2
913,35.4,3,18,4,2
829,109.8,20,18,4,2
641,18.3,16,18,4,2
221,37.5,3,18,4,2
69,57.9,2,18,4,2
807,54.9,40,18,4,2
597,36.6,3,18,4,2
154,56.25,2,18,4,2
312,37.5,3,19,4,2
121,112.5,53,19,4,2
968,35.4,3,19,4,2
896,106.2,20,19,4,2
797,109.8,20,19,4,2
790,109.8,20,19,4,2
757,18.3,16,19,4,2
816,36.6,3,19,4,2
541,18.3,10,20,4,2
88,38.6,3,20,4,2
419,37.5,3,20,4,2
387,37.5,3,20,4,2
125,56.25,2,20,4,1
92,38.6,3,20,4,1
102,115.8,1,20,4,2
57,19.3,16,21,4,2
129,56.25,2,21,4,2
650,18.3,16,21,4,2
299,112.5,20,21,4,2
382,37.5,3,21,4,2
23,19.3,16,21,4,2
300,112.5,25,22,4,2
18,57.9,2,22,4,1
932,35.4,3,22,4,2
569,109.8,4,22,4,2
542,36.6,3,22,4,1
58,115.8,1,22,4,1
123,18.75,10,22,4,2
484,36.6,3,22,4,2
162,56.25,2,22,4,2
734,109.8,20,22,4,2
415,112.5,20,22,4,2
202,37.5,3,22,4,2
989,35.4,3,22,4,2
275,37.5,3,22,4,2
631,109.8,4,22,4,2
958,106.2,20,23,4,2
174,112.5,1,23,4,1
585,36.6,3,23,4,2
102,57.9,2,23,4,2
140,112.5,1,23,4,1
287,18.75,16,23,4,2
230,18.75,10,23,4,2
428,18.75,10,23,4,2
99,57.9,2,24,4,2
676,36.6,21,24,4,2
983,35.4,3,24,4,2
24,57.9,28,24,4,2
441,18.75,16,24,4,2
398,18.75,16,24,4,2
387,18.75,16,24,4,2
360,112.5,20,24,4,2
359,112.5,20,24,4,2
305,112.5,4,24,4,2
137,18.75,16,24,4,2
430,112.5,1,25,4,2
317,37.5,3,25,4,2
869,106.2,20,25,4,2
603,109.8,4,25,4,2
967,106.2,20,25,4,2
106,57.9,2,25,4,1
459,37.5,3,25,4,2
598,36.6,3,25,4,2
608,36.6,3,25,4,2
864,106.2,4,25,4,2
219,18.75,10,25,4,2
751,36.6,3,25,4,2
728,109.8,20,25,4,2
401,112.5,20,25,4,2
548,109.8,20,25,4,2
200,18.75,16,26,4,2
607,109.8,20,26,4,2
607,109.8,20,26,4,2
542,109.8,20,26,4,2
366,37.5,3,26,4,2
228,112.5,1,26,4,2
222,112.5,1,26,4,2
172,112.5,1,26,4,2
130,112.5,1,26,4,2
105,19.3,16,26,4,2
780,109.8,20,26,4,2
521,109.8,1,26,4,2
308,18.75,10,26,4,2
671,109.8,20,26,4,2
212,112.5,1,26,4,1
204,375,35,26,4,2
204,375,35,26,4,2
211,18.75,16,26,4,2
334,37.5,3,26,4,2
602,109.8,20,26,4,2
553,109.8,20,26,4,2
545,18.3,16,26,4,2
770,109.8,20,26,4,2
51,57.9,7,26,4,2
379,37.5,3,26,4,2
248,37.5,21,26,4,2
12,57.9,33,26,4,2
917,106.2,20,27,4,2
211,18.75,16,27,4,2
295,18.75,16,27,4,2
684,109.8,4,27,4,2
332,37.5,3,27,4,2
331,112.5,20,27,4,2
278,18.75,16,27,4,2
279,112.5,20,27,4,2
701,109.8,20,27,4,2
537,36.6,3,27,4,2
883,106.2,20,28,4,2
695,18.3,10,28,4,2
484,109.8,4,28,4,2
478,109.8,1,28,4,2
120,112.5,20,28,4,2
95,19.3,16,28,4,2
225,37.5,3,28,4,2
224,375,30,28,4,2
268,112.5,4,28,4,2
913,17.7,10,28,4,2
913,17.7,10,28,4,2
59,38.6,3,28,4,2
86,57.9,2,28,4,2
723,109.8,1,28,4,2
467,112.5,1,28,4,2
399,112.5,1,28,4,2
353,112.5,1,28,4,2
317,112.5,1,28,4,2
290,112.5,1,28,4,2
847,106.2,20,28,4,2
331,18.75,16,28,4,2
841,109.8,20,28,4,2
115,18.75,10,28,4,2
816,36.6,3,29,4,2
798,109.8,20,29,4,2
756,109.8,20,29,4,2
382,37.5,3,29,4,2
217,37.5,3,29,4,2
696,36.6,3,29,4,2
178,112.5,20,29,4,2
142,112.5,20,29,4,2
696,109.8,4,29,4,2
653,109.8,4,29,4,2
332,37.5,3,29,4,2
581,109.8,20,29,4,2
257,18.75,16,29,4,2
161,112.5,1,29,4,2
153,112.5,1,29,4,2
34,19.3,10,30,4,2
920,35.4,3,30,4,2
971,35.4,3,30,4,2
105,115.8,1,30,4,2
27,115.8,4,30,4,2
213,37.5,3,30,4,1
94,57.9,2,30,4,2
218,375,30,30,4,2
625,36.6,3,31,4,2
376,56.25,40,31,4,2
261,112.5,1,31,4,2
178,37.5,3,31,4,2
303,112.5,1,31,4,2
440,112.5,20,32,4,2
315,112.5,20,32,4,2
14,115.8,20,32,4,2
207,37.5,3,32,4,2
93,57.9,2,32,4,1
835,36.6,3,32,4,2
710,36.6,3,32,4,2
436,37.5,3,32,4,2
756,54.9,33,32,4,2
265,112.5,25,32,4,2
56,57.9,2,32,4,2
238,112.5,20,32,4,2
123,115.8,20,32,4,2
757,18.3,10,32,4,2
901,106.2,20,32,4,2
465,37.5,3,33,4,2
196,37.5,3,33,4,2
248,18.75,10,33,4,2
889,17.7,16,33,4,2
826,109.8,20,33,4,2
729,36.6,3,33,4,2
689,109.8,20,33,4,2
44,115.8,1,33,4,1
606,109.8,20,33,4,2
429,112.5,25,33,4,2
334,112.5,25,33,4,2
961,106.2,25,33,4,2
489,36.6,3,33,4,2
419,37.5,3,33,4,2
527,109.8,4,33,4,2
238,112.5,1,33,4,1
52,57.9,2,34,4,1
869,106.2,4,34,4,2
898,17.7,10,34,4,2
721,109.8,20,34,4,2
365,112.5,20,34,4,2
156,18.75,16,34,4,2
770,54.9,33,34,4,2
553,36.6,3,34,4,2
96,19.3,10,34,4,2
366,112.5,53,34,4,2
326,18.75,16,34,4,2
464,37.5,3,34,4,2
909,106.2,20,34,4,2
733,109.8,4,35,4,2
628,36.6,3,35,4,1
377,37.5,3,35,4,2
780,109.8,20,35,4,2
605,36.6,3,35,4,2
581,18.3,16,35,4,2
292,37.5,3,35,4,2
207,112.5,1,35,4,1
42,19.3,10,35,4,1
289,18.75,10,35,4,2
533,18.3,10,35,4,2
292,112.5,4,35,4,2
874,106.2,20,35,4,2
645,109.8,4,35,4,2
374,112.5,20,35,4,2
263,37.5,3,35,4,2
227,18.75,16,35,4,2
983,35.4,3,35,4,2
407,37.5,3,36,4,2
70,19.3,16,36,4,2
639,36.6,3,36,4,2
380,112.5,1,36,4,2
613,18.3,16,36,4,2
